file,record_id,schema_version,data_role,source_type,device_id,device_type,session_id,acquired_at,observed_condition,target_label,label_basis,label_confidence,fault_level,fault_method,tape_spec_id,tape_count,tape_mass_mg,tape_radius_mm,tape_angle_deg,loose_fastener_id,loosen_turns,mount_gap_mm,fixture_id,sensor_module_id,sensor_mount_id,installation_orientation_id,measurement_axis,reference_gravity_axis,reference_gravity_sign,calibration_id,voltage_set_v,voltage_measured_v,rpm_measured,fs_config_hz,window_samples,window_nominal_ms,capture_samples,capture_nominal_ms,afs_code,frames,first_seq,last_seq,lost_frames,sample_id_gaps,capture_mode,firmware_build_id,board_stats_scope,board_samples_captured,board_continuity_breaks,board_fifo_overflow,board_iic_read_fail,board_window_drop,board_tx_drop,board_tx_err,board_max_fifo_batch,quality_status,quality_reason,dataset_split,file_sha256,notes
formal/20260928T180118_0800_fanA_r001_fanA_baseline_6V_X_r0001-0020.csv,20260928T180118_0800_fanA_r001,4,formal,real,fanA,fan,fanA_rig01_6V_20260928_a,2026-09-28T18:01:18+08:00,baseline,normal,controlled_injection,confirmed,0,,,0,,,,,,,rig01,mpu01,fan_frame_top_left,x_measure_y_gravity,X,Y,+1,uncalibrated,6.0,,,1000,1024,1024.0,20480,20480.0,0,20,1,20,0,0,fifo_continuous,6db13e6,,,,,,,,,,pass,用户人工判定通过；接收完整性：X轴、0丢帧、0样本不连续。,,dfca575faf42156f1bd1ee3292df5751f47f615f925f75e797dd5e7fa54c08a4,起始正常基线：全部紧固且无胶带
formal/20260928T181019_0800_fanA_r001_fanA_baseline_9V_X_r0001-0020.csv,20260928T181019_0800_fanA_r001,4,formal,real,fanA,fan,fanA_rig01_9V_20260928,2026-09-28T18:10:19+08:00,baseline,normal,controlled_injection,confirmed,0,,,0,,,,,,,rig01,mpu01,fan_frame_top_left,x_measure_y_gravity,X,Y,+1,uncalibrated,9.0,,,1000,1024,1024.0,20480,20480.0,0,20,1,20,0,0,fifo_continuous,6db13e6,,,,,,,,,,pass,,,9a2d1f00386404b891fa1f2290ddc4ea313fe5a1e87eb8de6b5ab7dd62312db8,仅从6V改为9V；全部紧固且无胶带
formal/20260928T181136_0800_fanA_r001_fanA_baseline_12V_X_r0001-0020.csv,20260928T181136_0800_fanA_r001,4,formal,real,fanA,fan,fanA_rig01_12V_20260928,2026-09-28T18:11:36+08:00,baseline,normal,controlled_injection,confirmed,0,,,0,,,,,,,rig01,mpu01,fan_frame_top_left,x_measure_y_gravity,X,Y,+1,uncalibrated,12.0,,,1000,1024,1024.0,20480,20480.0,0,20,1,20,0,0,fifo_continuous,6db13e6,,,,,,,,,,pass,,,db12273c5c4fc8ecc3ffe43489acf8cee1b36737ed383c741f37b834366ee1f1,仅从9V改为12V；全部紧固且无胶带
formal/20260928T181513_0800_fanA_r002_fanA_added_mass_12V_X_r0001-0020.csv,20260928T181513_0800_fanA_r002,4,formal,real,fanA,fan,fanA_rig01_12V_20260928,2026-09-28T18:15:13+08:00,added_mass,unbalance,controlled_injection,confirmed,1,tape_mass,tape01,1,,,,,,,rig01,mpu01,fan_frame_top_left,x_measure_y_gravity,X,Y,+1,uncalibrated,12.0,,,1000,1024,1024.0,20480,20480.0,0,20,1,20,0,0,fifo_continuous,6db13e6,,,,,,,,,,pass,,,85fc149fff5552856276035853c06497007da3df2b5e568899397f775d8a08c8,仅增加第1片胶带
formal/20260928T181826_0800_fanA_r001_fanA_added_mass_9V_X_r0001-0020.csv,20260928T181826_0800_fanA_r001,4,formal,real,fanA,fan,fanA_rig01_9V_20260928_b,2026-09-28T18:18:26+08:00,added_mass,unbalance,controlled_injection,confirmed,1,tape_mass,tape01,1,,,,,,,rig01,mpu01,fan_frame_top_left,x_measure_y_gravity,X,Y,+1,uncalibrated,9.0,,,1000,1024,1024.0,20480,20480.0,0,20,1,20,0,0,fifo_continuous,6db13e6,,,,,,,,,,pass,,,9915ef7bc4fe4658a54495a27426414d1c6028c1fba689a6e7fa65a0a9aad0a1,仅从12V改为9V；保持第1片胶带位置不变
formal/20260928T182056_0800_fanA_r001_fanA_added_mass_6V_X_r0001-0020.csv,20260928T182056_0800_fanA_r001,4,formal,real,fanA,fan,fanA_rig01_6V_20260928_b,2026-09-28T18:20:56+08:00,added_mass,unbalance,controlled_injection,confirmed,1,tape_mass,tape01,1,,,,,,,rig01,mpu01,fan_frame_top_left,x_measure_y_gravity,X,Y,+1,uncalibrated,6.0,,,1000,1024,1024.0,20480,20480.0,0,20,1,20,0,0,fifo_continuous,6db13e6,,,,,,,,,,pass,,,9cabdbc4efe99043df077d7c615097f80cc00eb3dc71e8a1d4e0d54f1145ca90,仅从9V改为6V；保持第1片胶带位置不变
formal/20260928T182326_0800_fanA_r002_fanA_added_mass_6V_X_r0001-0020.csv,20260928T182326_0800_fanA_r002,4,formal,real,fanA,fan,fanA_rig01_6V_20260928_b,2026-09-28T18:23:26+08:00,added_mass,unbalance,controlled_injection,confirmed,2,tape_mass,tape01,2,,,,,,,rig01,mpu01,fan_frame_top_left,x_measure_y_gravity,X,Y,+1,uncalibrated,6.0,,,1000,1024,1024.0,20480,20480.0,0,20,1,20,0,0,fifo_continuous,6db13e6,,,,,,,,,,pass,,,c64bfb8ae14506be5ee46c32bd2cdf0f4789d24f0458222f08c27096307508b3,仅增加第2片胶带
formal/20260928T182618_0800_fanA_r001_fanA_added_mass_9V_X_r0001-0020.csv,20260928T182618_0800_fanA_r001,4,formal,real,fanA,fan,fanA_rig01_9V_20260928_c,2026-09-28T18:26:18+08:00,added_mass,unbalance,controlled_injection,confirmed,2,tape_mass,tape01,2,,,,,,,rig01,mpu01,fan_frame_top_left,x_measure_y_gravity,X,Y,+1,uncalibrated,9.0,,,1000,1024,1024.0,20480,20480.0,0,20,1,20,0,0,fifo_continuous,6db13e6,,,,,,,,,,pass,,,0c6245ffa5228517027543504408d1b90876c64196bab7ad896ba9b059ce10dc,仅从6V改为9V；保持两片胶带位置不变
formal/20260928T182742_0800_fanA_r001_fanA_added_mass_12V_X_r0001-0020.csv,20260928T182742_0800_fanA_r001,4,formal,real,fanA,fan,fanA_rig01_12V_20260928_b,2026-09-28T18:27:42+08:00,added_mass,unbalance,controlled_injection,confirmed,2,tape_mass,tape01,2,,,,,,,rig01,mpu01,fan_frame_top_left,x_measure_y_gravity,X,Y,+1,uncalibrated,12.0,,,1000,1024,1024.0,20480,20480.0,0,20,1,20,0,0,fifo_continuous,6db13e6,,,,,,,,,,pass,,,7f38461cf3eb8ff4d5ae58d399c9c4073110ecb45902d368e07a2100bc9c1f2e,仅从9V改为12V；保持两片胶带位置不变
formal/20260928T183050_0800_fanA_r002_fanA_baseline_12V_X_r0001-0020.csv,20260928T183050_0800_fanA_r002,4,formal,real,fanA,fan,fanA_rig01_12V_20260928_b,2026-09-28T18:30:50+08:00,baseline,normal,controlled_injection,confirmed,0,,,0,,,,,,,rig01,mpu01,fan_frame_top_left,x_measure_y_gravity,X,Y,+1,uncalibrated,12.0,,,1000,1024,1024.0,20480,20480.0,0,20,1,20,0,0,fifo_continuous,6db13e6,,,,,,,,,,pass,,,4129b024c57ce958886dfbeafa27d939a0a0dc1a8b537f96625dde6a2dca6ef2,仅移除两片胶带；恢复正常基线
formal/20260928T183424_0800_fanA_r003_fanA_mount_looseness_12V_X_r0001-0020.csv,20260928T183424_0800_fanA_r003,4,formal,real,fanA,fan,fanA_rig01_12V_20260928_b,2026-09-28T18:34:24+08:00,mount_looseness,looseness,controlled_injection,confirmed,1,fastener_backoff,,0,,,,M1,0.25,,rig01,mpu01,fan_frame_top_left,x_measure_y_gravity,X,Y,+1,uncalibrated,12.0,,,1000,1024,1024.0,20480,20480.0,0,20,1,20,0,0,fifo_continuous,6db13e6,,,,,,,,,,pass,,,79b23a2ae0275f9b151d4308aa38cf2e3762a36df0717ce7145bc7c4761ef257,仅将M1回退0.25圈；G型夹不改变
formal/20260928T183644_0800_fanA_r001_fanA_mount_looseness_9V_X_r0001-0020.csv,20260928T183644_0800_fanA_r001,4,formal,real,fanA,fan,fanA_rig01_9V_20260928_d,2026-09-28T18:36:44+08:00,mount_looseness,looseness,controlled_injection,confirmed,1,fastener_backoff,,0,,,,M1,0.25,,rig01,mpu01,fan_frame_top_left,x_measure_y_gravity,X,Y,+1,uncalibrated,9.0,,,1000,1024,1024.0,20480,20480.0,0,20,1,20,0,0,fifo_continuous,6db13e6,,,,,,,,,,pass,,,5f1ce5e81728c75c125681a8af1bf4b4496f760ae62da5fb15aff9582b3839db,仅从12V改为9V；保持M1回退0.25圈
formal/20260928T183752_0800_fanA_r001_fanA_mount_looseness_6V_X_r0001-0020.csv,20260928T183752_0800_fanA_r001,4,formal,real,fanA,fan,fanA_rig01_6V_20260928_c,2026-09-28T18:37:52+08:00,mount_looseness,looseness,controlled_injection,confirmed,1,fastener_backoff,,0,,,,M1,0.25,,rig01,mpu01,fan_frame_top_left,x_measure_y_gravity,X,Y,+1,uncalibrated,6.0,,,1000,1024,1024.0,20480,20480.0,0,20,1,20,0,0,fifo_continuous,6db13e6,,,,,,,,,,pass,,,e8d28290af9493f0bdf548192ab086c78d467c874c0ce5db60aeddc3ccf47d76,仅从9V改为6V；保持M1回退0.25圈
formal/20260928T184037_0800_fanA_r002_fanA_baseline_6V_X_r0001-0020.csv,20260928T184037_0800_fanA_r002,4,formal,real,fanA,fan,fanA_rig01_6V_20260928_c,2026-09-28T18:40:37+08:00,baseline,normal,controlled_injection,confirmed,0,,,0,,,,,,,rig01,mpu01,fan_frame_top_left,x_measure_y_gravity,X,Y,+1,uncalibrated,6.0,,,1000,1024,1024.0,20480,20480.0,0,20,1,20,0,0,fifo_continuous,6db13e6,,,,,,,,,,pass,,,3bfbab1b040444831ab78d4fdd514545825e285db3416461746c71152c1031e7,仅恢复M1紧固；恢复正常基线
