# meta_json={"schema_version":4,"record_id":"20260928T181826_0800_fanA_r001","data_role":"formal","source_type":"real","device_id":"fanA","device_type":"fan","session_id":"fanA_rig01_9V_20260928_b","acquired_at":"2026-09-28T18:18:26+08:00","observed_condition":"added_mass","target_label":"unbalance","label_basis":"controlled_injection","label_confidence":"confirmed","fault_level":1,"fault_method":"tape_mass","tape_spec_id":"tape01","tape_count":1,"measurement_axis":"X","reference_gravity_axis":"Y","reference_gravity_sign":"+1","fixture_id":"rig01","sensor_module_id":"mpu01","sensor_mount_id":"fan_frame_top_left","installation_orientation_id":"x_measure_y_gravity","calibration_id":"uncalibrated","voltage_set_v":9.0,"firmware_build_id":"6db13e6","notes":"仅从12V改为9V；保持第1片胶带位置不变","fs_config_hz":1000,"window_samples":1024,"window_nominal_ms":1024.0,"capture_samples":20480,"capture_nominal_ms":20480.0,"afs_code":0,"frames":20,"first_seq":1,"last_seq":20,"lost_frames":0,"sample_id_gaps":0,"capture_mode":"fifo_continuous"}
756
1544
140
492
1116
464
-504
1332
1448
1268
2576
2536
796
652
1444
492
320
844
968
-720
1284
1636
1104
2364
2768
1244
408
1104
1296
-316
1004
952
-376
812
1416
1432
1588
3384
1444
612
928
1404
100
516
1032
100
180
1804
1080
1272
3148
2000
904
652
1608
228
408
1060
728
-252
1460
1184
1052
2700
2684
860
460
1436
664
-4
704
988
-508
1292
1124
1160
2068
3096
1016
456
1148
1236
-256
660
1128
-456
604
1512
1080
1912
3056
1464
556
748
1552
76
820
1096
-4
8
1572
1336
1536
3352
2132
396
384
1636
480
448
884
460
-412
1496
1356
1332
2844
2576
620
464
1316
648
312
772
1132
-876
1232
1292
1140
2336
3024
736
420
964
1200
-168
648
1264
-464
660
1456
1112
1856
3272
1372
648
628
1584
-48
588
1532
140
96
1520
1160
1448
3368
2076
700
584
1616
80
348
1036
708
-504
1436
1200
1184
2756
2616
836
448
1352
716
168
832
1044
-592
1268
1348
1224
2324
3064
1096
268
1064
1352
-296
732
1072
-108
672
1264
1320
1608
3332
1564
700
756
1452
-132
420
1332
228
84
1300
1152
1528
3032
2484
716
536
1588
28
408
1108
916
-360
1344
1348
1300
2680
2812
896
744
1312
892
-124
968
1188
-700
1224
1384
1332
2184
3116
1124
732
1056
1248
-52
452
1144
-284
628
1672
1072
1576
3276
1452
660
708
1812
-124
472
1048
108
104
1384
1192
1300
2892
2152
712
596
1696
196
188
856
680
-524
1400
1328
1212
2576
2896
828
568
1268
820
-92
780
1048
-644
1192
1384
1184
2168
2872
1180
508
876
1412
-156
552
1072
-372
720
1364
1104
1440
3284
1700
420
776
1672
136
148
996
392
-72
1412
1192
1280
2924
2224
704
724
1596
208
140
952
1060
-476
1528
1280
916
2616
2684
1116
724
1180
880
0
764
1116
-740
1220
1536
1104
1964
3236
1332
676
844
1308
-144
788
1224
-412
620
1612
1148
1604
3064
1804
648
520
1636
-84
432
1020
436
-196
1696
1012
1328
2968
2100
856
324
1764
516
220
788
864
-628
1628
1340
1260
2636
2752
1020
432
1256
1172
-364
856
1068
-460
1236
1312
1300
2048
3328
1040
804
1024
1624
-60
496
1336
-336
436
1652
1080
1760
3396
1808
584
444
1564
96
568
856
344
-364
1396
1404
1344
3092
2372
700
392
1604
444
-48
976
844
-516
1516
996
1296
2728
2800
1076
292
1224
696
192
828
1208
-536
976
1528
1248
2024
3300
1608
408
708
1352
20
800
1084
-172
404
1564
1200
1440
3344
1680
596
760
1376
248
428
1196
476
-296
1488
1200
1188
2956
2408
748
336
1464
492
-36
772
908
-708
1460
1216
968
2652
2644
1108
648
964
1200
-344
724
1364
-448
1084
1264
1184
1712
3448
1568
524
948
1176
-176
736
1216
124
380
1508
1296
1280
3204
2012
1004
540
1720
36
348
1248
388
-84
1588
1000
988
2896
2456
872
396
1300
608
72
844
1124
-592
1548
1156
972
2336
2704
1176
644
1088
872
-96
644
1324
-500
1108
1472
944
1868
3416
1292
648
688
1516
-352
684
1240
-20
464
1376
1292
1332
3116
2088
632
924
1344
184
356
852
624
-188
1764
1184
1068
2900
2356
884
596
1480
488
8
912
1012
-480
1276
1340
824
2516
2968
1040
856
1124
1072
-208
752
1196
-476
760
1496
1000
1864
3344
1456
572
836
1236
-176
508
1368
-12
520
1712
916
1452
3192
1976
852
892
1496
-16
552
940
732
-284
1544
1528
1128
2948
2664
760
784
1296
408
96
788
952
-524
1452
1464
976
2300
2892
952
692
1148
1020
-384
912
996
-624
1036
1476
1072
1856
3060
1108
644
952
1616
-236
616
1192
-272
368
1656
1208
1712
3152
1804
620
556
1524
136
484
1040
268
-224
1904
1428
1192
2988
2460
796
760
1560
400
156
804
920
-592
1680
1332
1160
2496
2660
940
576
1264
888
-232
784
1172
-420
1116
1360
1180
1952
3128
1036
588
732
1344
-96
656
1164
-388
344
1664
1232
1692
3212
1724
592
788
1580
-104
648
1156
492
-356
1520
1392
1204
3312
2152
832
732
1332
584
-112
1172
1116
-708
1720
1116
1164
2836
2792
888
388
1132
868
-52
912
1096
-568
1228
1152
1188
2108
3488
1064
424
896
1160
-168
856
1140
-292
332
1408
1132
1680
3272
1444
556
684
1428
88
284
1240
244
-168
1720
1172
1416
3416
2188
800
608
1132
220
388
1220
684
-524
1584
1344
1152
2920
2904
1008
444
1228
600
220
816
1120
-576
1100
1164
884
2556
3420
1080
448
712
1052
-344
960
1416
-648
868
1240
832
2028
3412
1472
500
656
1044
-128
708
1300
120
-16
1368
868
1600
3424
1968
692
500
1464
-192
536
1392
404
-192
1488
1168
1300
3124
2800
628
612
1328
376
272
1036
1296
-668
1412
1108
1100
2804
2788
812
648
1188
932
-156
868
1332
-520
912
1140
1100
2204
3268
1176
596
928
1072
-88
840
1316
-220
444
1584
1184
1724
3200
1420
888
568
1564
-168
560
1440
20
28
1640
1048
1344
3308
2328
616
640
1468
156
512
996
784
-336
1456
1164
1032
2992
2584
836
704
1172
632
-56
976
1124
-676
1340
1192
1244
2292
2960
1168
696
1044
1152
-288
792
1216
-504
1060
1752
1128
1760
3056
1404
532
748
1304
-188
716
1104
-112
288
1684
1308
1740
3092
1776
608
416
1764
44
504
1020
348
-144
1816
1048
1248
3004
2404
840
476
1560
372
520
1028
740
-688
1512
1328
1356
2692
2876
792
480
1256
620
40
980
1220
-676
916
1360
1208
2148
3200
1160
668
796
1172
-264
720
1264
-428
464
1648
1076
1856
3392
1312
748
692
1496
-188
680
1292
120
128
1500
1232
1440
3044
2208
964
584
1444
160
300
1220
564
-412
1524
1108
1260
2876
2656
788
456
1540
368
52
868
844
-436
1312
1480
944
2280
3040
1000
752
1000
1036
-36
708
1052
-504
1016
1452
1028
2016
3024
1452
464
692
1852
-140
708
924
-276
476
1496
1164
1480
3316
1716
716
768
1480
144
528
1176
192
-280
1580
1344
1444
3028
2460
764
584
1428
328
172
1168
596
-604
1536
1316
1140
2672
2904
764
712
1120
680
152
752
1276
-784
1008
1400
868
2420
2972
1096
732
792
1368
-524
764
1036
-576
884
1096
1100
1788
3248
1760
612
756
1552
-280
564
1160
136
192
1604
1132
1464
3280
2116
824
644
1596
340
156
1184
536
-520
1484
1060
1408
2964
2640
796
612
1416
320
292
944
780
-296
1100
1384
872
2320
3312
988
620
900
888
-292
784
1348
-656
852
1376
1032
2036
3192
1324
712
616
1564
-296
780
1288
-164
516
1412
960
1684
3264
1860
904
664
1520
44
232
1240
368
-112
1692
1028
1352
2932
2452
716
424
1392
312
96
1072
852
-548
1568
1104
1060
3008
2780
768
704
976
844
-308
820
1408
-624
1036
1232
912
2292
3076
1004
756
732
1012
-96
636
1332
-368
376
1628
980
1768
3500
1508
812
712
1300
-148
476
1472
236
184
1508
1096
1376
3436
2352
716
752
1332
112
212
1068
980
-348
1468
1108
1284
3032
2504
836
484
1420
644
-316
972
1216
-708
1336
1340
940
2428
2940
1080
684
884
1024
-416
784
1252
-452
796
1564
976
2012
3052
1284
784
636
1596
-432
600
1368
-8
452
1536
1224
1508
3048
1988
812
660
1480
96
412
1240
668
-284
1596
1140
1188
3112
2564
880
800
1476
264
180
808
1064
-528
1404
1276
968
2404
2692
1036
684
1084
904
-328
756
1036
-552
1192
1344
960
1748
3160
1464
792
844
1048
-232
636
1116
-132
376
1648
1144
1492
3364
1676
744
664
1528
72
508
1044
232
-128
1636
1304
1308
3072
2100
500
676
1612
360
320
904
900
-664
1568
1432
1128
2816
2560
752
660
1168
800
-20
768
904
-664
1140
1436
1212
2248
3080
1036
548
920
1172
-204
604
1124
-388
640
1668
1272
1912
3300
1272
608
836
1520
-76
484
1224
-20
-52
1684
1304
1592
3076
2152
536
564
1760
184
404
852
504
-480
1564
1460
1080
2820
2420
752
648
1488
788
-12
788
988
-696
1440
1528
1012
2488
2804
1008
856
1144
1216
-208
744
1192
-640
944
1384
1144
1932
3012
1300
700
744
1768
-256
748
944
-396
412
1444
1436
1644
3200
1784
560
684
1788
-36
404
1184
420
-276
1460
1440
1312
2924
2384
620
484
1364
384
420
1088
812
-760
1392
1392
1072
2740
2688
788
448
1008
1240
44
876
1212
-780
860
1388
1344
2136
3096
1092
540
696
1352
-100
908
1036
-296
312
1596
1244
1700
3284
1696
524
672
1572
72
652
1204
224
32
1448
944
1560
3260
2300
656
476
1676
560
332
1036
836
-668
1476
1324
1184
2752
2752
840
536
1344
844
188
944
1204
-632
1104
1496
896
2312
3044
1116
668
852
1424
-352
700
1340
-608
732
1676
1236
1724
3372
1420
504
700
1512
-224
568
1168
-240
260
1712
1236
1568
3124
2004
824
696
1508
352
180
940
852
-384
1600
1272
1236
2800
2540
840
516
1576
456
-104
748
956
-496
1264
1492
988
2408
3032
1056
900
1036
1016
-292
788
1208
-712
1012
1336
1168
1744
3024
1508
404
1064
1476
-268
580
952
-40
516
1776
1012
1388
3076
1728
796
700
1868
-56
332
912
372
-164
1756
1632
1384
3096
1964
548
820
1648
608
-88
844
704
-652
1380
1756
1192
2616
2672
584
576
1340
1112
8
580
1084
-732
1124
1568
1212
2064
2940
1060
460
972
1464
-8
480
1160
-512
236
1792
1340
1836
3272
1460
492
672
1928
16
440
1152
-52
16
1668
1512
1396
3120
2028
800
692
1608
496
312
840
504
-612
1536
1432
1356
2852
2712
736
344
1412
748
180
944
760
-516
1044
1572
1192
2260
3212
896
592
1052
1356
20
444
1260
-488
664
1600
1060
1880
3088
1428
580
800
1792
4
484
1016
88
116
1592
1376
1452
3092
1840
548
756
1684
472
300
920
556
-476
1700
1456
1112
2984
2300
764
628
1376
860
16
832
848
-728
1328
1520
1120
2252
2904
772
636
1420
1200
-132
724
872
-572
912
1468
1492
1836
3028
1060
548
1020
1488
48
396
1084
-236
124
1888
1196
1584
3164
1648
712
636
1776
236
368
1052
248
-160
1712
1672
1244
3036
2320
404
680
1508
672
136
820
868
-472
1568
1360
1476
2508
2568
724
484
1464
1040
-176
824
1112
-828
1128
1660
1172
2116
2928
900
796
1096
1384
-312
700
1132
-284
588
1696
1172
1668
3076
1364
812
692
1572
88
268
1224
164
-224
1748
1076
1492
3064
2376
632
692
1628
220
388
924
584
-288
1680
1292
1156
2780
2696
644
844
1128
836
56
844
1032
-692
1408
1312
1140
2264
2988
1092
524
900
1104
-376
832
1224
-408
780
1408
1128
1868
3108
1352
500
764
1476
-220
716
940
8
48
1692
1232
1344
3220
1648
788
604
1668
72
232
1104
500
-196
1636
1380
1260
2844
2256
672
684
1736
444
-20
876
884
-392
1624
1524
968
2472
2692
976
832
1192
1144
-144
692
1044
-592
1332
1452
1060
1884
3096
1132
588
1040
1492
-444
536
1036
-144
460
1700
1208
1500
3104
1520
624
1020
1660
-56
336
1104
256
-28
1736
1264
1316
2988
1988
1096
744
1768
232
148
1012
768
-500
1832
1512
960
2700
2580
876
856
1332
760
76
764
920
-828
1268
1632
1100
2180
2876
936
732
960
1320
-200
724
1016
-480
1092
1444
1300
1636
3200
1636
556
796
1568
-176
628
984
44
140
1900
1120
1320
3228
1808
940
540
1856
36
396
1096
532
-352
1632
1220
1280
2772
2432
776
904
1616
428
188
896
928
-548
1396
1356
1208
2292
2864
808
688
1148
964
-68
628
1020
-500
960
1576
1132
1812
3300
1052
620
956
1396
-272
712
1040
-176
412
1288
1204
1832
3144
1640
504
792
1460
-104
560
964
232
-256
1632
1416
1136
2996
2356
836
776
1356
356
296
1148
800
-620
1552
1500
1152
2844
2836
728
524
1252
928
4
880
884
-716
1168
1192
1220
2316
3184
1064
584
996
1316
-188
576
968
-304
732
1416
1144
1688
3368
1280
584
756
1492
-300
608
1076
112
248
1652
1080
1288
3144
1952
744
692
1892
220
164
888
484
-28
1776
1292
1188
2760
2476
788
792
1532
328
-16
1008
944
-488
1428
1128
1156
2256
3088
844
644
1148
932
-176
720
1064
-444
864
1320
972
1956
3224
1232
736
792
1556
-444
704
1280
-252
520
1400
1140
1524
3276
1788
628
600
1544
40
504
1156
192
-196
1604
1168
1364
2932
2516
656
776
1624
260
400
648
968
-500
1540
1404
1156
2660
2784
800
616
1372
876
-72
684
1248
-560
1216
1336
1092
2212
3188
1032
584
960
1172
-224
664
1196
-368
672
1416
1208
1752
2996
1468
752
572
1768
-264
516
1332
-72
348
1624
1224
1452
3060
1996
696
512
1676
160
624
884
432
-384
1604
1592
1288
2868
2584
660
716
1484
748
448
804
928
-832
1420
1500
1204
2672
2844
660
680
1128
1016
-192
960
1144
-908
868
1480
1408
2080
3076
1264
332
884
1492
-212
812
768
-320
208
1768
1316
1668
3264
1556
684
552
1768
124
444
1044
268
-112
1624
1296
1452
3208
2064
608
712
1544
496
476
956
684
-796
1492
1548
1240
2744
2696
636
532
1420
828
192
1020
1012
-672
1028
1564
1092
2292
3232
860
504
992
1376
-32
708
1112
-688
736
1396
1336
1872
3264
1172
532
752
1388
-4
696
1096
-208
40
1576
1316
1600
3328
1968
556
552
1616
220
628
1148
352
-456
1424
1284
1400
3392
2700
276
568
1416
512
424
848
1000
-696
1444
1416
1312
2768
2808
640
300
1172
1008
60
1048
952
-736
836
1640
1100
2216
3164
812
712
672
1300
-112
820
1284
-632
568
1680
1104
1832
3504
1488
412
676
1536
40
628
1040
144
-116
1692
1160
1680
3336
1772
588
468
1640
260
400
1160
452
-596
1476
1480
1364
2748
2536
596
712
1472
420
176
884
860
-744
1380
1424
1268
2512
2820
700
356
1448
1000
88
752
888
-748
856
1812
1344
2016
3256
696
540
948
1488
68
688
968
-272
328
1744
1220
1716
3560
1232
696
720
1640
392
432
1116
76
-220
1612
1228
1608
3268
1844
688
544
1800
448
212
932
412
-632
1660
1644
1256
2784
2516
412
532
1640
780
104
724
740
-748
1500
1688
1140
2368
2692
852
676
1124
1228
-156
636
948
-540
1220
1540
1296
1932
2912
1376
736
812
1528
-156
720
1136
-372
548
1732
1448
1548
3268
1700
580
800
1684
124
588
872
264
-196
1788
1440
1296
3032
1972
784
644
1492
344
116
832
580
-584
1584
1376
1232
2792
2516
820
432
1560
736
136
884
744
-748
1300
1232
1432
2176
2916
904
460
1168
1236
-256
768
1080
-516
984
1584
1204
2000
3220
1268
544
1016
1516
-184
636
1084
-60
208
1740
1012
1776
3100
1576
596
720
1832
-56
340
944
332
-196
1616
1292
1376
2888
2248
632
552
1716
336
152
928
792
-632
1484
1504
1160
2700
2660
508
720
1516
732
72
744
896
-684
1180
1424
1316
2236
2988
948
648
1140
1156
-12
752
1248
-712
752
1768
1232
2136
3244
1200
548
700
1560
104
736
960
-212
156
1828
1368
1632
3488
1804
628
532
1700
240
404
996
264
-212
1560
1260
1156
3084
2300
572
688
1344
388
136
832
832
-788
1620
1500
1276
2684
2496
792
556
1372
984
-84
820
948
-664
1172
1528
1172
2084
3300
932
736
1060
1228
112
724
1332
-348
804
1480
1248
1920
3256
1268
652
860
1644
-296
564
1300
124
156
1628
1008
1476
3120
1660
704
640
1520
-136
432
864
488
-432
1532
1360
1128
3016
2332
796
932
1440
456
116
920
1136
-860
1732
1312
1260
2768
2584
884
832
1260
912
4
872
1232
-768
1488
1356
1228
2192
3160
764
784
1224
1180
-288
612
1232
-320
716
1616
1212
1724
2984
1448
712
824
1472
-340
620
992
44
56
1900
1204
1316
3188
1608
1012
560
1524
8
100
1040
600
-408
1824
1224
1072
2888
2256
748
600
1604
412
112
720
768
-424
1612
1440
1176
2812
2608
764
548
1288
944
8
1020
872
-644
1192
1660
1312
1900
3020
932
640
1160
1356
-252
780
1036
-616
856
1420
1432
1744
3368
1184
612
964
1536
-276
748
900
-312
272
1800
1388
1704
2996
1676
512
744
1952
24
564
1056
248
-344
1660
1344
1388
3152
2148
456
576
1644
544
340
696
608
-676
1496
1696
1236
2768
2804
420
724
1476
1036
0
780
1020
-836
1076
1572
1196
2180
3116
892
892
1096
1312
-252
780
1016
-528
980
1464
1228
1688
3320
1408
444
1076
1404
-372
668
952
72
12
1616
1280
1444
3344
1712
564
924
1576
24
364
924
412
-188
1748
1584
1144
3268
2240
772
644
1508
404
204
912
760
-620
1464
1312
1112
2776
2648
636
720
1168
852
-112
896
1172
-740
1072
1564
1308
2088
3168
720
748
1004
1256
-92
608
1180
-448
756
1500
1144
1724
3376
1184
644
1064
1380
-244
664
972
12
352
1640
1216
1664
3176
1840
528
876
1716
-36
568
1048
444
-144
1776
1200
1536
2920
2360
772
672
1544
160
152
1084
724
-520
1572
1328
1140
2616
2740
624
940
1352
576
4
636
1060
-312
888
1664
1032
2252
3052
776
804
920
1160
-276
796
1144
-456
716
1796
1144
1556
3248
1288
764
1156
1512
-224
640
1000
172
388
1792
1344
1344
3460
1812
712
740
1560
180
248
1128
452
-220
1724
1280
1432
3000
2288
608
664
1456
276
-8
824
784
-676
1468
1348
1156
2536
2848
816
564
1220
708
48
852
1068
-760
1284
1396
1164
2080
2952
1028
836
928
1188
-252
568
1284
-636
688
1872
1036
1940
3212
1320
704
876
1708
-84
632
1060
-264
304
1540
1280
1504
3292
1952
432
528
1508
140
412
832
412
-336
1456
1292
1332
3100
2164
652
540
1512
324
-4
864
792
-704
1464
1188
1300
2676
2484
964
552
1260
660
20
1160
956
-644
1208
1248
1388
2228
3100
1088
508
940
1264
28
676
1316
-428
640
1672
1204
1808
3412
1548
672
716
1428
-100
568
1276
-164
208
1440
1188
1804
3320
1956
608
424
1692
100
516
1192
340
-348
1336
1196
1212
3052
2580
608
268
1400
548
140
1060
716
-636
1420
1084
1096
2876
2828
764
420
1288
784
84
944
1080
-584
1028
1204
1248
2440
3220
1060
444
1052
1528
-304
800
1344
-356
600
1556
1180
2008
3380
1396
640
732
1392
-216
500
1252
-252
280
1324
1180
1404
3212
1916
648
720
1548
-144
328
936
692
-400
1544
1208
1192
3208
2096
832
516
1344
324
-56
1064
808
-544
1416
1176
1148
2712
2808
748
484
1572
684
92
784
836
-376
1288
1508
1324
2252
3188
924
648
1144
1184
-12
616
1184
-384
792
1544
1240
1804
3260
1204
684
968
1352
-284
536
1300
-20
160
1552
1204
1752
3220
1696
740
616
1764
-184
464
1152
312
-120
1324
1264
1268
2968
2388
632
804
1568
56
312
836
912
-540
1464
1372
1192
2960
2608
764
580
1316
980
-120
1040
972
-604
1312
1396
1216
2424
3060
960
688
1024
964
20
936
1288
-544
616
1236
1204
2092
3244
1124
540
820
1368
-272
760
1092
-300
352
1308
1192
1720
3396
1624
384
472
1596
20
600
1232
-72
-240
1556
1276
1620
3256
2004
744
572
1596
436
176
1072
648
-616
1572
1180
1584
3056
2456
688
700
1572
652
128
872
1004
-504
1216
1408
1192
2528
2880
828
504
1068
968
-80
744
1240
-684
840
1440
1096
2048
3216
1048
672
744
1400
-456
840
1384
-544
540
1328
1304
1736
3368
1740
420
780
1484
-24
688
832
228
116
1628
1204
1380
3196
2012
736
564
1544
-8
484
976
536
-360
1460
1240
1252
3108
2500
660
712
1420
404
276
920
1160
-756
1236
1128
1388
2672
2868
876
352
1220
792
-8
964
1128
-736
992
1296
1200
2300
3344
960
592
760
1108
56
744
1272
-300
612
1660
1156
1888
3376
1516
820
560
1656
-168
780
1188
-208
624
1436
1216
1524
3220
1916
604
768
1696
-156
656
928
536
-12
1464
1324
1292
3048
2420
496
640
1456
264
404
756
780
-480
1504
1204
1124
2800
2536
928
552
1216
656
-40
832
1096
-588
1420
1368
1084
2516
2928
940
740
1160
1228
-36
708
1188
-588
1036
1476
1040
2156
3396
1216
644
1052
1612
-132
672
1120
-192
532
1468
1240
1840
3520
1500
872
768
1456
-208
368
1228
212
0
1696
1128
1340
3336
1948
740
748
1380
-108
432
844
544
-216
1560
1268
1216
2976
2380
764
520
1584
516
284
656
964
-724
1420
1180
1156
2824
3144
720
652
1188
800
-88
868
1240
-520
1336
1196
1056
2380
3216
1092
708
956
1072
-92
768
1476
-584
680
1552
956
2040
3236
1124
1104
680
1392
-608
724
1408
-400
688
1516
1196
1764
2884
1764
640
624
1528
-228
672
824
412
-28
1380
1288
1152
3356
2092
496
720
1516
288
304
1036
832
-600
1676
1176
1336
3172
2432
768
544
1252
572
60
912
1160
-676
1332
1336
1156
2548
3164
676
752
1072
784
76
880
1188
-940
1040
1560
1044
2388
2984
1136
600
820
1376
-180
792
1260
-664
636
1584
1172
1940
3320
1532
580
676
1384
-268
764
1248
-192
420
1436
1184
1736
3352
1812
580
888
1668
-176
760
1016
400
-136
1720
1496
1300
3144
2060
836
808
1524
224
124
856
740
-344
1524
1184
1132
2824
2504
668
688
1544
692
216
644
816
-796
1428
1400
1312
2536
2964
892
480
1056
1104
36
596
924
-768
1120
1420
1136
2172
3048
1056
536
1180
1400
-192
948
960
-380
644
1732
1328
1820
3244
1292
644
744
1780
-124
760
916
-72
336
1664
1260
1528
3136
1660
612
604
1772
104
428
752
-56
-228
1736
1284
1388
3044
2148
332
660
1692
344
268
808
456
-504
1572
1304
1656
2912
2524
732
380
1520
692
280
876
856
-640
1452
1400
1124
2432
3016
952
312
1356
1216
0
876
916
-628
1112
1392
1364
2212
3212
1136
392
848
1352
-172
872
984
-456
584
1376
1324
1768
3304
1200
464
788
1544
-104
684
1120
-348
-68
1672
1200
1740
3148
1848
460
504
1512
84
524
924
324
-212
1376
1280
1364
3232
2316
552
640
1556
156
328
800
808
-476
1492
1208
1160
2968
2708
716
596
1420
644
276
848
1184
-576
1308
1288
1056
2372
3040
916
848
1120
908
-428
596
1368
-484
1116
1308
944
2080
3128
1308
516
892
1084
-360
796
1392
-172
548
1484
1136
1556
3348
1520
876
764
1488
-212
616
1072
172
196
1680
1172
1272
3496
1820
672
660
1556
172
136
940
556
-128
1720
988
1476
3332
2172
684
708
1700
144
152
980
1040
-564
1440
1232
880
2932
2736
824
672
1092
612
-76
836
1060
-848
1160
1384
1156
2336
3080
712
780
1252
840
-16
800
1096
-512
1024
1380
1092
2052
3224
1160
836
760
1144
-232
624
1352
-288
720
1468
1124
1548
3420
1876
740
776
1440
-396
660
1204
336
104
1764
940
1420
3472
1648
888
424
1456
-92
392
1204
388
-220
1404
1036
1336
2776
2604
728
588
1420
12
400
828
1008
-660
1492
1116
1196
2968
2616
956
772
1408
776
-100
912
1088
-520
1628
1220
1092
2104
3104
1120
732
1120
980
-196
772
1116
-272
952
1604
988
1928
3528
1096
960
888
1156
-304
620
1212
-20
452
1324
920
1432
3440
1596
908
868
1264
-120
424
1212
64
124
1784
1096
1380
3156
1944
856
636
1560
-48
568
1024
584
-196
1604
1228
1180
2868
2416
816
792
1304
212
160
972
964
-616
1496
1216
1268
2796
2740
1044
588
1192
628
-192
976
1004
-580
1152
1220
1152
2332
3244
960
492
1164
1092
-312
628
1184
-460
800
1412
1244
1796
3392
1208
540
692
1408
-348
792
1216
-312
492
1484
1440
1692
3296
1684
504
800
1700
-264
688
1084
288
-52
1588
1248
1500
3288
1860
648
660
1596
324
192
1100
712
-504
1668
1460
1320
2912
2588
680
704
1452
436
108
964
812
-880
1416
1236
1188
2548
2860
464
552
1016
916
52
736
1036
-608
884
1376
1280
2356
3220
1116
468
1108
1232
-112
944
1172
-484
452
1520
1224
2016
3376
1372
644
532
1424
-8
636
1292
-164
280
1552
1284
1740
3464
1912
388
628
1572
88
596
916
500
-228
1584
1244
1356
3100
2328
524
592
1588
396
276
812
840
-772
1572
972
1368
2972
2676
596
584
1420
668
104
628
1264
-628
1072
1152
1452
2436
2980
808
596
1160
1052
-124
888
1172
-512
804
1632
1244
1920
3344
1320
744
1048
1360
48
756
1168
-120
384
1528
1112
1788
3324
1488
736
780
1448
-84
440
1184
136
-56
1672
1432
1384
2964
2100
492
696
1404
116
316
800
600
-656
1492
1276
1332
2824
2480
764
428
1504
628
-68
864
1096
-628
1356
1464
1020
2644
2976
824
520
1124
996
184
872
1112
-700
964
1456
1176
2364
3024
1160
692
836
1408
-76
872
1380
-456
576
1472
1188
1856
3344
1484
456
520
1684
-68
776
904
-12
-36
1452
1388
1608
3180
1856
464
568
1572
432
396
1084
328
-600
1580
1284
1340
2988
2628
540
580
1460
476
392
644
1004
-840
1212
1624
1136
2744
2812
580
676
1256
952
-48
864
1120
-760
1144
1340
1368
2316
3096
812
684
1116
1100
-8
544
1276
-416
168
1660
1184
1876
3300
1248
500
636
1660
-28
636
984
-12
-60
1496
1344
1640
3324
1604
380
756
1516
148
388
1244
448
-676
1500
1428
1748
3092
2336
676
416
1328
768
228
1084
712
-1024
1536
1448
1284
2500
3044
508
648
1020
940
204
800
1120
-888
1164
1248
1312
2212
3156
1240
248
900
1304
-12
740
1124
-240
596
1360
1064
1832
3468
1316
488
764
1396
-264
704
1204
-160
56
1476
1212
1504
3560
2064
548
572
1500
116
696
1076
656
-532
1448
1256
1328
3336
2384
668
172
1524
424
312
1232
684
-312
1212
1100
1352
2608
3164
752
380
936
588
324
868
1028
-828
868
1248
1192
2260
3428
1192
360
1008
1100
-96
1068
1168
-444
384
1368
1364
1972
3504
1540
360
672
1432
76
776
1304
-48
184
1500
1216
1636
3184
2224
576
608
1552
-28
572
1152
472
-472
1484
1056
1272
3216
2724
704
388
1296
412
172
984
1000
-728
1380
1096
1204
2876
2844
1008
356
1260
724
-60
936
1100
-628
872
1100
1328
2252
3068
1064
488
880
1476
-184
788
1112
-712
684
1460
1324
1912
3256
1488
520
632
1612
80
744
956
104
4
1536
1344
1540
3424
1960
512
580
1688
116
572
776
492
-504
1624
1412
1276
3064
2284
456
624
1600
456
420
756
856
-792
1464
1496
1120
2624
2616
928
468
1228
944
96
768
956
-876
1196
1636
1424
2128
3108
856
620
932
1488
-224
668
1136
-324
696
1596
1208
1624
3228
1132
696
892
1660
-316
540
996
204
72
1600
1480
1164
3352
1624
764
864
1688
240
236
900
536
-304
1448
1456
1220
2752
2444
564
588
1476
620
136
660
888
-712
1616
1532
1000
2664
2648
1028
460
1272
1000
-120
944
940
-520
980
1640
1372
1924
3132
1120
692
944
1588
-140
692
1144
-576
868
1384
1308
1936
3080
1648
300
884
1752
132
736
824
84
-100
1496
1572
1372
3136
1980
460
664
1676
368
184
884
500
-780
1520
1596
1288
2956
2416
628
544
1408
864
292
912
928
-828
1376
1148
1412
2700
2740
1020
396
1364
1060
76
928
1192
-720
812
1712
1488
1964
3128
1344
360
876
1452
-192
892
1192
-244
324
1404
1428
1812
3360
1944
268
596
1596
116
720
968
228
-312
1356
1292
1288
3296
2108
576
544
1424
368
304
976
688
-656
1380
1164
1320
2712
2616
832
388
1348
712
256
684
1104
-844
1028
1508
1264
2680
3024
856
456
1124
1540
-256
776
1056
-476
816
1496
1280
1796
3512
1396
524
892
1672
-136
532
1224
-188
144
1672
1292
1600
3116
1636
544
720
1716
-116
392
956
496
-340
1492
1436
1256
2956
2312
776
672
1660
356
248
848
760
-528
1592
1360
1252
2788
2636
940
588
1376
1060
-24
724
1228
-624
1188
1428
1364
2360
3128
1168
572
1080
1444
-136
776
1116
-400
680
1776
1044
1724
3276
1704
504
604
1520
-64
836
848
-108
-220
1524
1288
1420
3224
1944
488
584
1584
384
540
532
568
-480
1460
1312
1344
2988
2380
528
412
1704
684
184
756
952
-768
1328
1516
1396
2480
2680
860
732
1472
1272
40
752
976
-768
1064
1464
1404
1980
3116
1068
464
892
1596
76
652
968
-456
524
1652
1248
2060
3004
1652
344
564
1960
-84
604
952
108
-264
1376
1380
1448
2996
2120
584
404
1520
348
532
880
680
-664
1420
1332
1128
2824
2636
840
556
1472
832
36
864
1136
-692
1368
1324
1192
2380
2944
1064
516
1240
1216
-12
780
1308
-592
640
1408
1080
1960
3224
1132
692
660
1592
-100
504
1492
-264
284
1432
968
1576
3116
1864
712
592
1616
-384
544
1196
604
-292
1484
1160
1164
3124
2452
716
520
1400
280
388
1000
904
-632
1492
1152
1064
2964
2948
1032
500
1112
780
-4
924
1424
-684
1020
1140
1084
2324
3424
960
412
932
1216
-224
892
1484
-340
536
1088
1200
1864
3452
1540
548
768
1184
32
596
1200
68
84
1612
976
1412
3232
2028
720
648
1524
96
452
960
660
-404
1516
1276
1080
3004
2360
884
476
1560
312
204
976
812
-568
1468
1280
1168
2748
2740
1164
540
1268
1060
-112
976
1096
-688
1116
1264
1288
2056
2880
1384
556
892
1324
-296
812
1108
-352
628
1396
1084
1648
3136
1712
464
784
1608
-80
752
1028
-116
184
1476
1148
1724
3008
2036
524
440
1736
160
224
1228
576
-564
1536
1488
1336
2968
2360
752
568
1536
840
72
860
932
-780
1420
1524
1184
2636
2640
1004
276
1188
1192
-204
900
912
-784
848
1476
1516
1840
3264
1180
352
1012
1280
-36
664
1024
-400
176
1932
1092
1652
3152
1432
808
448
1860
128
308
1168
-100
136
1808
1180
1580
3208
1944
768
328
1824
596
336
888
448
-464
1552
1608
1288
2896
2496
532
644
1440
1080
180
660
968
-944
1252
1572
1376
2456
2984
748
432
1268
1224
128
564
1136
-484
532
1804
1300
1876
3272
1240
500
664
1584
-212
756
1136
-500
412
1516
1292
1624
3376
1652
252
748
1608
256
388
960
504
-424
1672
1312
1420
3104
2356
660
396
1768
528
100
828
780
-620
1232
1464
1240
2664
2816
676
284
1172
932
136
748
1052
-916
1220
1532
1336
2108
3072
1144
380
1128
1256
-44
452
1016
-408
504
1668
1056
1960
3204
1256
736
748
1844
-208
612
1160
28
92
1688
1224
1616
3060
1876
624
528
1956
64
412
968
320
-284
1612
1268
1300
3036
2340
720
648
1564
716
128
724
936
-828
1488
1444
1132
2536
2508
920
512
1116
1104
-284
844
1028
-616
1052
1488
952
2052
3268
1140
404
708
1492
-212
836
1192
-216
192
1500
1204
1596
3472
1352
884
764
1528
204
476
1116
184
-24
1756
1268
1616
3116
2172
800
564
1812
288
124
1020
808
-352
1704
1204
1340
2604
2388
932
688
1360
772
-40
844
1060
-752
1496
1364
996
2188
2848
888
836
1068
1188
-228
544
1168
-448
804
1672
928
1852
3360
1052
940
688
1376
-100
548
1252
-124
436
1516
1076
1584
3488
1924
848
664
1724
-12
704
1004
572
-20
1552
1104
1216
3184
2220
812
684
1464
240
176
876
1140
-516
1604
1240
1052
2744
2864
892
676
1272
912
-124
944
1000
-572
1072
1452
1212
1920
3224
936
624
940
1180
-352
856
1084
-300
688
1596
1212
1492
3420
1308
736
616
1420
-164
548
1164
32
160
1748
1324
1404
3124
1856
672
660
1616
236
316
1084
572
-244
1524
1112
1312
2768
2660
768
532
1376
296
-44
996
1064
-532
1368
1012
884
2580
3000
920
616
1012
1024
-176
788
1336
-400
996
1468
1052
2204
3384
1148
608
756
1280
-272
792
1280
-144
536
1556
1240
1764
3208
1824
672
740
1688
-284
540
1228
284
-92
1392
1252
1396
3164
2284
420
764
1604
-136
672
808
748
-420
1444
1344
1028
2796
2728
636
624
1224
544
68
764
1152
-812
1248
1264
996
2472
3016
1088
788
876
980
-184
1036
1160
-600
992
1404
1236
1604
3472
1420
764
836
1248
64
656
1160
-36
548
1592
1036
1584
3600
1768
644
888
1428
-28
260
988
692
-372
1724
1248
1120
3252
2108
800
716
1660
240
-60
1008
560
-636
1644
948
1260
2488
2628
928
684
1368
812
-220
732
1232
-620
1400
1344
1124
2292
2892
992
944
1128
1332
-476
768
1116
-296
936
1216
1072
1612
3396
1412
688
872
1472
-316
552
1100
196
260
1752
1008
1292
3264
1776
892
728
1652
-40
-20
1144
628
-4
1748
912
1204
2872
2508
896
580
1508
0
124
940
1008
-368
1464
1292
840
2536
2912
908
840
1140
672
-276
768
1428
-376
1492
1204
868
1952
3368
1132
900
1096
1120
-392
372
1548
-132
716
1476
1036
1584
3316
1504
1028
796
1468
-232
556
1180
276
228
1576
1192
1064
3268
2028
676
520
1488
-76
160
916
696
-268
1680
960
1276
2940
2612
844
552
1448
420
52
788
920
-736
1576
1324
1152
2332
2928
956
728
1204
940
-136
692
1264
-508
1112
1372
1204
1908
3180
1312
516
844
1552
-300
764
1096
-252
692
1200
1244
1668
3204
1576
668
624
1648
0
376
988
188
-160
1696
1172
1324
3292
1900
680
848
1520
220
332
900
716
-504
1624
1268
1164
2848
2648
896
716
1424
664
-112
948
1144
-580
1400
1200
1264
2452
3044
1208
588
1072
1052
-140
836
1064
-588
872
1720
1104
1888
3388
1300
868
844
1576
-280
596
1236
-64
404
1456
1324
1504
3452
1416
728
668
1520
-228
428
1152
240
-152
1568
1308
1232
3116
2284
660
800
1476
148
432
864
956
-544
1352
1384
1224
2672
2560
816
616
1380
988
-96
712
1040
-412
1436
1280
1320
2220
3152
1080
764
1156
1032
-192
680
1248
-552
968
1376
1104
1812
3208
1492
640
768
1496
-272
604
1144
156
396
1264
1252
1268
3224
1976
608
816
1400
-244
436
964
476
-284
1456
1376
1116
3152
2344
764
692
1440
460
128
708
972
-376
1648
1124
1152
2776
2788
1208
548
1352
948
-296
1016
1180
-668
1336
1340
1044
2040
3376
1152
708
988
1064
-224
496
1236
-104
612
1572
912
1740
3180
1488
728
724
1672
-408
344
1180
132
240
1512
976
1424
3172
1928
820
696
1544
188
68
1036
744
-176
1616
1136
956
2928
2304
900
660
1584
436
96
736
900
-372
1540
1344
1124
2620
2736
992
848
1328
1008
-296
800
1068
-392
1292
1384
916
1784
3332
984
880
984
1116
-120
296
1276
-32
520
1464
792
1524
3300
1864
772
720
1432
-252
536
956
436
80
1408
1276
1048
3180
1980
976
1020
1404
164
-144
1040
932
-336
1740
1308
1152
2828
2592
1008
840
1428
692
-244
812
968
-456
1596
1368
1000
2180
2896
980
932
1304
912
-168
516
1164
-332
1208
1440
912
1656
3180
1392
812
956
1372
-608
428
1008
40
576
1460
1128
1288
3164
1696
572
912
1360
-4
488
776
496
-88
1724
1248
1120
3100
2388
872
796
1248
348
112
988
844
-416
1596
1224
1172
2496
2680
1000
756
1484
872
-56
724
1092
-504
1220
1368
1012
2196
3052
844
752
960
1352
-240
504
1220
-460
724
1552
1144
1528
3236
1504
544
1048
1316
-188
792
916
76
192
1552
1420
1420
3264
1960
524
932
1444
312
124
1032
648
-240
1564
1284
1500
2756
2560
736
700
1508
408
24
876
932
-404
1428
1284
1084
2328
3048
644
748
1332
944
-240
616
940
-356
992
1488
1264
2020
3004
1032
792
1012
1536
-364
680
1208
-300
548
1496
1184
1844
3248
1604
592
584
1684
-88
544
1096
264
-48
1528
1352
1464
3228
2384
344
836
1460
120
620
848
816
-684
1544
1308
1280
2880
2304
640
892
1456
776
120
824
1088
-660
1316
1356
1272
2440
2948
780
472
1156
1104
-140
804
1008
-656
640
1584
1336
1788
3220
1068
648
1104
1360
-100
580
1112
-160
308
1624
1220
1888
3248
1692
388
816
1828
116
468
916
220
-56
1568
1540
1528
2856
2088
404
916
1632
600
196
768
928
-760
1568
1612
1172
2700
2688
500
660
1552
828
120
728
992
-644
1208
1596
1168
2096
2996
776
428
1208
1248
-168
596
1168
-228
688
1576
1280
1960
3340
1168
576
1124
1544
-160
424
1096
-44
204
1692
1400
1568
3160
1860
728
796
1656
248
232
788
632
-428
1752
1504
1324
3104
2164
820
948
1440
640
-24
884
788
-492
1460
1284
1116
2324
2928
680
676
1276
764
-124
668
1180
-664
1100
1648
1256
2140
3140
980
788
848
1388
-272
560
1344
-360
668
1484
1216
1788
3256
1864
564
792
1712
-332
708
1044
200
-156
1504
1364
1280
3312
1964
572
756
1236
440
152
1220
816
-512
1604
1124
1248
2880
2572
712
428
1320
776
-28
900
948
-720
928
1472
1080
2304
3064
864
504
1136
1160
48
760
1108
-568
748
1488
1452
1872
3112
1204
404
1124
1516
28
572
1220
-120
152
1816
1292
1680
3428
1556
612
768
1704
280
348
1020
56
-160
1616
1504
1552
2924
2184
540
960
1412
572
232
604
928
-584
1420
1768
1040
2268
2676
548
956
1208
840
-48
380
1280
-776
1176
1788
988
2012
2888
996
872
1172
1332
-200
544
936
-404
1096
1660
1344
1492
2952
1652
360
1228
1508
84
504
816
328
-4
1600
1392
1260
3156
1884
692
648
1748
340
108
1000
384
-220
1664
1316
1192
2608
2372
836
700
1428
580
104
776
1012
-744
1008
1660
1280
2316
2856
764
628
1160
1132
56
680
1128
-644
800
1804
1112
1944
3264
956
768
788
1488
-44
452
1188
-24
208
1576
1236
1712
3184
1840
648
608
1676
-76
540
1036
312
-360
1684
1400
1368
2884
2324
576
716
1368
236
336
840
776
-668
1284
1552
1028
2544
2856
776
480
1016
912
100
1020
1088
-736
944
1636
1152
2260
3180
1000
356
1008
1400
-40
756
1152
-476
520
1452
1264
1916
3452
1524
372
800
1552
36
864
1092
116
-60
1568
1468
1612
3196
2052
596
672
1500
596
328
1108
740
-684
1604
1048
1320
2884
2716
724
388
1144
716
156
844
972
-760
1324
1360
1096
2196
3244
944
520
804
1224
140
672
1148
-476
660
1660
1216
1644
3288
1476
748
860
1588
-392
584
1044
132
184
1588
1180
1632
3140
1808
732
564
1804
-176
388
944
668
-56
1484
1396
1016
2648
2744
640
792
1428
288
-112
840
1116
-616
1368
1376
1100
2420
2656
992
716
1256
940
-264
660
1024
-576
1088
1596
1296
1940
3040
1184
608
1324
1560
-64
564
1024
36
448
1808
1356
1484
2964
1676
676
836
1728
236
528
1008
84
-160
1612
1476
1192
2880
2248
572
756
1588
456
180
912
752
-488
1552
1336
872
2704
2696
796
448
1296
992
-80
736
1236
-712
1052
1480
1124
2080
3032
1244
616
1088
1224
-96
820
1172
-272
584
1612
1300
1640
3236
1524
928
796
1776
-24
356
1188
204
296
1560
1144
1400
3164
1844
948
792
1776
248
-16
1020
656
-372
1636
1424
1204
2692
2444
780
700
1340
776
-192
964
1016
-664
1440
1312
1064
2256
2976
1152
692
1092
1084
-312
748
1168
-380
740
1452
1040
1608
3444
1400
776
1064
1256
164
436
1304
148
264
1808
1100
1384
3116
2036
832
772
1652
8
192
1208
632
-284
1468
1240
1052
2740
2648
828
780
1308
436
-24
820
1028
-532
1348
1288
1008
2244
2964
1016
844
1232
892
-376
584
1216
-356
1064
1296
1028
1776
3120
1436
792
840
1444
-240
784
1136
108
608
1420
1260
1264
3168
1784
652
908
1544
56
44
988
716
-144
1924
1128
1084
2960
2480
832
516
1648
516
-156
728
812
-324
1552
1008
1356
2324
2756
800
668
1420
1092
-180
528
1168
-560
1124
1440
1020
1864
3040
1268
864
828
1396
-204
580
1388
-304
632
1460
1248
1804
2940
1960
624
668
1860
-168
492
1200
592
-172
1668
1244
1200
3040
2292
728
744
1376
308
192
840
1068
-600
1424
1292
996
2572
2784
896
724
1116
1172
-348
764
1128
-644
1156
1276
1056
2084
3028
1108
720
940
1568
-436
632
1232
-200
376
1432
1408
1560
3136
1628
672
876
1760
-60
384
1068
476
12
1536
1468
1252
2900
2356
672
640
1592
384
128
852
968
-576
1540
1260
1068
2572
2888
1008
672
1368
992
-60
552
1260
-540
940
1428
1028
2056
3336
1200
660
828
1356
-324
604
1112
-272
284
1536
1228
1560
2924
1472
680
780
1484
-148
248
1148
488
-176
1560
1312
1148
2796
2684
544
760
1476
528
428
916
1104
-644
1480
1484
1184
2640
2700
960
596
1340
1088
-84
684
1164
-484
972
1572
1052
2064
2908
1468
604
836
1480
-168
640
1040
-52
384
1524
1228
1340
3132
1812
452
556
1752
-60
328
964
444
-108
1452
1400
1212
2924
2176
644
680
1528
636
40
736
860
-444
1432
1456
1180
2544
2776
708
572
1532
1048
-12
756
1136
-388
1256
1456
1276
2076
3032
1184
660
792
1376
-168
360
1064
-56
432
1576
972
1280
3256
1780
664
552
1524
-48
272
1220
208
44
1516
900
1564
3036
2548
616
532
1736
356
104
832
972
-572
1628
1372
1140
2624
2748
996
556
1340
1168
-248
952
1192
-448
1376
1216
1276
1936
3092
1324
520
1112
1328
-184
576
1284
-64
280
1840
972
1540
3216
1660
892
544
1672
-240
432
1128
316
-196
1364
872
1428
3080
2116
1040
292
1472
320
156
868
952
-532
1464
1208
852
2904
2524
688
608
1196
904
-140
1152
1164
-556
1144
1312
1256
1940
3256
1316
668
792
1396
-40
600
1092
-416
708
1684
1076
1516
3116
1816
620
692
1796
-252
432
1028
220
116
1520
1184
1176
3040
1848
768
596
1712
324
-12
680
816
-304
1580
1296
988
2816
2552
844
888
1144
904
-84
804
1344
-456
1248
1388
996
2340
3044
1164
652
1140
1204
-164
656
1216
-88
468
1516
1216
1648
3508
1688
716
632
1408
-204
524
1212
156
72
1408
948
1364
3116
2328
680
512
1548
112
164
1100
632
-388
1428
1288
1040
2432
2640
892
836
1312
460
-76
572
1132
-348
1400
1276
976
2016
3240
1140
836
1204
1304
-116
372
1292
-56
776
1680
808
1800
3160
1600
988
840
1524
-344
488
1192
412
228
1788
1192
1032
2944
2048
876
732
1680
192
28
712
456
-96
1560
1008
1032
2584
2516
692
588
1556
596
-236
696
1068
-480
1324
1300
1332
2204
2960
1112
572
1200
1156
-132
596
1112
-196
464
1764
996
1708
3356
1384
860
708
1604
-184
520
1080
160
348
1772
1324
1308
2972
1888
736
776
1744
188
268
816
568
-320
1632
1348
1112
2524
2556
896
840
1300
676
-28
756
1096
-808
1468
1440
956
2476
2912
924
768
1132
1208
-228
796
1472
-400
732
1248
1284
1936
3244
1576
516
692
1556
-44
640
1172
136
-16
1476
1228
1580
3368
2072
700
504
1416
404
100
1356
632
-444
1496
1300
1096
2760
2636
724
704
1260
640
132
988
1228
-588
964
1320
1060
2224
3000
832
680
920
1260
-144
744
1012
-468
772
1472
1292
1532
3308
1396
700
936
1188
152
220
872
480
-104
1856
1252
1432
3264
2068
628
800
1700
204
304
1060
784
-388
1604
1296
1376
2596
2556
892
724
1260
556
-24
1032
1008
-612
1032
1292
1040
2232
2988
988
760
988
1196
-304
744
1404
-516
636
1404
1392
1864
3168
1616
552
780
1372
-260
752
1180
200
96
1472
1172
1344
3224
2184
892
648
1364
284
268
1208
612
-424
1548
1268
1076
2712
2568
812
916
1076
608
8
1040
1156
-524
1256
1524
1160
2204
3252
928
644
956
1164
-288
752
1332
-396
708
1464
916
1876
3160
1524
460
920
1508
-260
688
1156
264
-56
1312
1480
1280
3416
1856
740
524
1596
448
400
1016
640
-444
1540
1252
1384
2888
2540
696
720
1372
824
36
972
1176
-544
1192
1372
1156
2408
3152
1052
604
1120
1156
-56
648
1280
-392
588
1596
920
1848
3264
1528
656
708
1404
-256
556
1116
-32
84
1356
1108
1400
3336
1976
664
488
1544
184
68
1324
608
-308
1600
1368
1308
2816
2532
816
784
1268
400
68
768
1192
-372
1520
1452
816
2548
2876
1164
652
1216
1188
-456
904
1272
-236
876
1356
1220
1868
3244
1440
520
824
1332
-296
600
1032
116
80
1368
1260
1356
3160
1908
524
576
1608
-8
284
1136
380
-164
1444
1276
1180
2892
2620
776
764
1476
496
296
808
976
-492
1288
1584
1148
2344
2924
816
984
1172
1256
-4
420
1248
-680
740
1460
1220
2016
2868
1476
448
852
1620
-292
756
972
-100
212
1672
1472
1252
3020
1948
464
800
1448
280
432
828
384
-344
1692
1340
1084
2812
2388
640
468
1444
676
112
684
724
-492
1420
1548
1220
2288
2792
1000
468
1344
1244
-308
584
1292
-456
880
1612
1316
1820
2960
1480
716
1076
1672
-392
840
792
200
72
1676
1340
1152
3384
1888
868
832
1324
244
-104
1040
716
-400
1612
1128
1328
2688
2572
912
644
1476
692
-104
556
1052
-544
1508
1464
888
2044
3096
1204
972
1164
1128
-208
628
1180
52
708
1816
952
1360
3436
1440
984
988
1516
-228
164
1224
308
320
1536
1144
1172
3052
2068
764
684
1656
196
140
920
836
-452
1504
1268
800
2488
2672
988
852
1220
616
-220
740
1296
-480
1140
1424
1020
1968
3176
1316
704
1152
1320
-108
516
1228
-244
696
1648
1236
1484
3196
1664
724
912
1380
-56
384
1212
300
272
1724
1300
1076
2780
2200
824
1100
1180
280
0
664
868
-480
1480
1324
836
2608
2616
1196
292
1364
980
-412
816
984
-424
932
1532
1004
1796
3248
1152
984
1024
1180
-48
124
1372
-52
620
1800
828
1496
3016
1992
884
812
1720
-68
236
1004
408
104
1824
1140
1008
2952
2300
996
952
1400
656
-292
928
1284
-488
1560
1408
672
2388
2780
976
844
1228
916
-268
680
1124
-460
976
1488
968
1892
3028
1604
832
1008
1368
-512
412
1196
204
500
1552
1240
1188
3052
2096
856
908
1472
-76
436
1124
648
-484
1584
1608
1080
2864
2324
868
752
1284
748
-296
920
960
-416
1400
1216
1128
2320
3080
1028
652
1104
1072
-112
716
1280
-380
836
1364
964
1796
3308
1588
532
1028
1152
-240
476
1176
384
96
1452
1096
1328
3124
1840
768
860
1572
-32
160
928
812
-204
1492
1300
1140
2832
2560
880
760
1428
744
-88
884
1064
-580
1332
1452
1044
2184
3156
1104
864
1000
1192
-264
820
1112
-404
816
1452
1240
1584
3160
1504
692
780
1628
-152
580
1084
300
-8
1464
1336
1360
3092
2080
680
748
1504
352
-64
1028
924
-568
1596
1224
1236
2592
2768
836
804
1408
764
-208
932
1380
-468
1364
1332
1376
1992
3148
1236
620
1228
1276
-312
628
1192
-268
528
1584
1104
1568
3536
1540
608
920
1420
-40
316
920
364
152
1432
1380
1196
3008
2012
556
600
1756
204
312
764
816
-428
1284
1460
1152
2732
2540
448
556
1524
1024
-28
728
1116
-628
1260
1568
1292
2048
2956
1296
644
924
1476
-88
572
1284
-324
424
1688
1372
1536
3180
1664
736
800
1432
-36
304
1180
424
-152
1576
1436
1152
3020
2164
616
664
1404
268
104
980
972
-392
1176
1292
1060
2652
2876
1012
536
1432
696
-208
900
1444
-528
884
1464
1300
1992
3152
1344
576
1192
1244
-152
512
1236
96
504
1528
1092
1556
3300
1808
644
928
1480
-68
408
996
668
-248
1604
1372
1224
2964
2240
592
728
1592
240
180
832
976
-424
1356
1328
1164
2548
2740
1008
660
1228
1040
-60
672
1148
-588
820
1440
1360
1844
3460
984
548
1164
1116
-52
476
952
224
132
1448
1436
1460
3328
1940
572
900
1584
40
360
1228
596
-436
1448
1356
1336
2892
2256
808
452
1384
500
128
876
1044
-612
1184
1460
1064
2580
2952
772
616
1004
1008
-164
600
1276
-432
776
1456
1136
1992
3028
1264
608
924
1452
-264
512
1108
-20
336
1356
1444
1452
3180
2072
608
876
1324
-16
400
1196
592
-148
1444
1608
1172
2716
2452
904
744
1492
500
156
844
944
-504
1420
1428
1120
2156
2972
1184
408
1240
996
-260
708
1128
-348
656
1500
1196
1724
3324
1196
768
780
1368
-252
436
1132
120
124
1200
1316
1132
3020
2164
572
596
1548
152
388
944
740
-276
1332
1504
1096
2812
2632
808
708
1344
664
136
780
1280
-512
1132
1556
1132
2224
3048
976
904
944
1088
-296
456
1420
-364
844
1672
1092
1636
3024
1684
648
672
1588
-272
488
1100
264
116
1412
1228
1240
2992
2228
624
876
1364
260
456
784
1000
-364
1388
1488
1156
2828
2740
1032
452
1280
1104
-68
800
1200
-652
1212
1356
1184
2228
3360
1100
692
916
1140
-64
328
1400
-104
476
1268
1216
1504
3396
1556
716
948
1448
-120
260
1176
244
-136
1532
1312
1204
2940
2016
1000
552
1484
260
156
788
1172
-392
1500
1504
684
2400
2832
1148
632
1212
920
-196
668
1276
-252
888
1368
1276
1784
3324
1252
692
1084
1348
-140
364
1300
-84
352
1632
1136
1448
3104
1832
796
932
1528
-100
300
892
616
-288
1472
1296
996
2740
2320
728
684
1332
608
-96
688
1064
-360
1284
1304
924
2248
3084
1060
576
1248
1096
-108
692
1352
-456
828
1628
1128
1908
3080
1464
688
1152
1588
-216
592
1248
8
440
1568
1636
1216
3168
1856
652
804
1408
500
64
964
572
-428
1684
1476
1224
2556
2504
648
592
1580
588
180
764
812
-404
840
1488
1244
2184
3144
796
588
904
1412
4
596
1192
-436
524
1536
1408
1676
3004
1860
484
940
1644
56
760
684
400
-240
1532
1420
1148
3164
2180
684
612
1692
644
36
856
916
-252
1312
1328
1144
2568
2660
1008
276
1316
996
-120
752
1096
-480
976
1560
1252
1932
2856
1456
756
996
1376
-224
512
1112
-116
280
1572
1328
1072
3128
2300
384
968
1444
164
208
832
952
-120
1224
1528
1056
2924
2552
824
800
1568
760
-84
892
1044
-432
1136
1628
1028
2168
2932
1040
824
1180
1144
-272
332
1484
-240
844
1560
984
1608
3092
1568
756
680
1504
-180
160
1148
352
-104
1704
1220
1084
2848
1964
1072
764
1628
452
64
1000
868
-428
1596
1048
1148
2304
2908
1092
612
1312
888
-348
812
1252
-256
884
1440
1144
1876
3304
1380
828
808
1332
-296
520
1404
144
260
1412
1192
1384
3180
2052
792
596
1280
52
108
1052
904
-656
1568
1196
844
2788
2524
928
784
1264
704
-108
736
1024
-464
1120
1512
832
1944
3100
1216
856
984
1380
-164
648
1320
-308
548
1540
1372
1624
3172
1512
624
1000
1812
176
412
1004
348
-56
1520
1544
1292
2764
2180
584
616
1492
720
52
720
916
-816
1428
1508
1212
2360
2652
1120
364
1236
1124
-132
616
1280
-708
760
1644
1200
1832
2964
1464
652
688
1712
-44
388
1192
-4
356
1464
1476
1384
2900
2032
752
916
1684
652
116
1064
740
-720
1652
1440
1236
2696
2508
1156
528
1192
872
-28
796
1176
-740
924
1680
1080
2120
2764
1204
516
900
1692
-200
608
1180
-288
376
1408
1372
1360
3200
1748
352
760
1576
268
108
1180
400
-452
1544
1208
1384
2900
2312
776
476
1428
860
-140
1072
1072
-492
1124
1396
1388
2268
2900
1084
640
1204
1300
-96
712
1348
-372
684
1916
1000
1780
3060
1532
684
768
1748
24
628
1000
-60
52
1380
1400
1256
2652
2084
680
512
1672
492
-144
1024
856
-864
1616
1632
1044
2420
2524
856
836
1168
1212
-196
780
948
-504
844
1832
1204
1968
2924
1160
780
836
1808
148
424
1044
-240
208
1884
1636
1452
2956
1852
492
992
1512
536
192
904
640
-608
1600
1404
1228
2820
2440
768
444
1336
1028
-252
712
960
-568
976
1480
1368
2032
2836
1384
496
1064
1488
-248
684
1012
-96
308
1628
1288
1708
3260
1512
760
768
1728
240
284
996
360
-340
1684
1588
1360
2664
2324
840
640
1352
896
-8
736
792
-660
1416
1532
1008
2176
2828
1024
636
928
1376
-196
764
1028
-408
756
1572
1188
1704
2848
1612
464
892
1720
-24
324
896
296
-92
1556
1368
1168
2788
2076
872
720
1768
492
40
1076
492
-272
1496
1456
1232
2184
2592
1012
692
1428
1104
-368
888
932
-408
964
1604
1396
1756
3112
1356
568
1032
1620
-196
544
1096
-112
348
1556
1292
1396
2848
1928
628
836
1584
80
124
812
676
-592
1564
1660
980
2664
2376
772
748
1200
948
-60
620
976
-556
1216
1652
1196
1892
3000
1316
364
1124
1512
-184
644
1000
40
452
1604
1156
1732
2988
1804
608
768
1668
-120
432
1032
544
-260
1384
1268
1244
3004
2184
740
428
1404
580
-24
620
996
-676
1472
1596
880
2252
2724
1024
872
1076
1252
-220
368
1228
-296
888
1636
1164
1572
3024
1732
572
880
1472
-276
648
1132
172
136
1744
1252
1520
2952
1908
948
632
1700
188
236
816
648
-152
1388
1416
1184
2372
2664
880
508
1492
860
-120
844
992
-520
900
1576
1368
1824
3180
1136
648
1012
1440
-56
456
1064
-20
76
1736
1356
1628
3164
1584
704
532
1852
132
308
1208
348
-252
1576
1468
1168
2760
2564
640
512
1596
476
328
592
1000
-604
1372
1676
1000
2332
2812
1200
564
932
1460
-232
772
972
-520
840
1352
1256
1560
3260
1364
548
948
1580
20
84
1108
252
4
1632
1268
1260
2924
1960
776
816
1568
340
248
812
888
-324
1652
1512
1056
2408
2844
824
876
1324
820
4
836
1192
-576
1188
1508
1200
2152
3092
1236
832
836
1556
-292
536
1340
-204
468
1344
1228
1288
3400
1508
688
924
1468
-180
236
1000
588
-96
1452
1368
1084
2812
2236
844
704
1536
216
-332
972
1036
-472
1420
1204
1244
2124
3048
1076
632
1288
912
-68
480
1272
-332
904
1672
996
1872
3248
1504
760
876
1360
-192
676
1388
32
340
1416
1388
1180
3200
2212
736
468
1476
324
96
1120
644
-380
1440
1252
1028
2904
2540
700
796
1228
612
-228
676
1268
-712
1024
1624
984
2288
2956
1072
580
1096
1284
-144
560
1284
-260
728
1656
1100
1728
3292
1436
728
976
1504
-164
472
1116
252
160
1660
1492
1152
2892
2144
552
800
1544
424
224
916
744
-400
1636
1160
1200
2608
2592
1096
400
1340
1004
-160
700
1052
-644
1280
1144
1308
1852
3176
1308
420
1144
1020
-208
732
1136
-92
304
1536
1340
1544
3368
1372
716
664
1552
216
276
1372
220
-184
1828
1220
1384
2860
2316
820
668
1584
332
308
1088
776
-540
1476
1424
1104
2336
2800
1020
752
1084
952
-284
712
1280
-648
1300
1344
1140
1760
3192
1336
736
852
1456
-416
512
988
116
492
1592
1260
1224
3240
2096
444
792
1488
-204
528
756
760
-144
1400
1332
1020
3160
2232
752
764
1452
524
68
824
1032
-684
1736
1308
1068
2556
2464
1148
392
1468
1100
-140
808
1012
-528
1072
1592
1300
1888
3088
968
656
888
1508
-96
628
1068
-268
440
1780
1368
1352
3276
1516
672
752
1604
180
132
1016
308
-216
1768
1132
1268
2916
2048
712
936
1736
268
28
684
1116
-416
1340
1776
1124
2332
2736
952
992
1420
1032
44
660
852
-348
1032
1712
1196
1876
3164
1040
784
888
1480
-288
204
1076
-56
280
1856
1256
1604
3160
1464
720
572
1784
-32
276
1184
128
-216
1652
1372
1336
2996
2168
736
684
1508
488
344
944
856
-536
1384
1476
1220
2536
2952
784
628
1132
892
-44
880
1148
-500
852
1480
1268
1976
3292
1192
552
836
1388
-136
632
1192
-208
368
1484
1000
1680
3220
1580
700
416
1704
-124
176
1268
188
-112
1584
1232
1332
2800
2288
748
712
1628
396
248
756
872
-588
1400
1300
1148
2556
2900
808
496
1452
932
16
680
1120
-616
1020
1520
1180
2104
3068
1256
488
1116
1664
-264
768
1176
-196
352
1464
1312
1664
3204
1592
588
712
1692
-44
356
1200
220
-200
1388
1340
1380
2920
2392
364
596
1436
288
124
516
912
-500
1376
1328
1168
2680
2548
792
708
1492
1324
-204
652
1184
-552
1056
1500
1504
2052
2952
1204
660
1084
1528
-72
544
1172
-124
152
1936
1408
1388
3168
1552
664
1024
1620
144
344
804
236
-236
1596
1416
1356
2540
2136
760
520
1892
388
180
800
660
-424
1504
1616
1172
2288
2572
968
616
1596
1216
-220
680
992
-200
1152
1420
1316
1744
3028
1332
720
1216
1316
-44
412
1116
-84
232
1704
1452
1264
3360
1540
692
888
1584
252
64
1052
608
-336
1764
1320
1044
2888
2364
696
736
1480
444
60
784
840
-744
1228
1720
1156
2296
2824
896
564
1232
1020
20
608
1100
-472
648
1444
1352
1960
3228
1212
464
928
1576
-24
564
1264
-56
8
1768
1380
1480
3048
1856
692
640
1664
44
476
1056
352
-456
1520
1364
1132
3096
2376
616
756
1264
764
-64
1032
1012
-596
1104
1388
1348
2352
3128
836
588
1272
1040
12
824
1060
-596
448
1724
1308
1844
3216
1252
500
796
1584
52
544
1168
-100
32
1628
1336
1628
3168
2000
508
708
1468
364
468
1064
660
-572
1756
1648
1140
2920
2552
912
780
1120
824
108
840
1000
-608
1256
1596
1188
2312
3104
784
696
968
1208
-120
780
1028
-468
420
1532
1352
1704
3060
1392
644
744
1616
-220
440
1152
32
0
1652
1560
1368
2792
2060
524
1088
1392
308
344
856
708
-436
1508
1540
1260
2748
2544
744
908
1388
992
-260
560
1160
-652
952
1520
1232
1940
3168
824
900
1064
1180
-40
424
1288
-392
376
1588
1340
1584
3384
1672
412
816
1456
56
388
980
276
-524
1748
1388
1264
3116
1696
696
616
1352
708
-40
1188
676
-772
1688
1312
1384
2432
2820
936
336
1452
856
260
860
1172
-676
776
1632
1352
2184
3188
1048
780
740
1288
76
488
1392
-412
216
1628
1312
1644
3160
1632
584
764
1500
188
472
1064
344
-396
1444
1292
1380
3212
2204
488
372
1444
484
312
924
596
-796
1444
1412
1204
2752
2904
608
568
1172
1108
120
880
1184
-872
1000
1608
1432
2304
3196
940
656
1148
1420
108
576
1240
-272
520
1504
1304
1768
3212
1828
308
676
1724
-52
520
1040
396
-452
1356
1428
1308
3424
2024
688
540
1344
620
136
1028
592
-720
1284
1560
1272
2644
2724
620
744
1128
1224
-44
656
1092
-460
1000
1768
1228
2092
3268
1012
600
1060
1644
12
516
1208
-140
332
1488
1164
1592
3056
1892
684
804
1720
28
464
1088
332
-448
1608
1336
1080
3052
2272
528
580
1468
456
60
964
768
-568
1348
1320
1096
2724
2588
788
660
1116
1076
-192
748
1324
-828
772
1472
1444
2256
3040
1424
524
876
1600
-88
616
1132
-252
320
1668
1260
1712
3312
1776
680
684
1764
172
444
1044
216
-272
1604
1396
1152
2844
2348
732
564
1484
540
140
704
756
-656
1468
1384
1120
2560
2660
864
704
1292
1060
-296
880
1184
-536
952
1596
1200
1816
3144
1200
696
892
1172
-32
840
1092
-160
276
1512
1256
1464
3220
1900
740
496
1456
176
412
1316
352
-384
1672
1380
1200
3064
2432
640
568
1576
520
164
936
924
-616
1332
1216
1264
2396
2788
796
492
1388
928
-124
856
1120
-468
872
1312
1060
1956
3080
980
928
824
1508
-140
508
1112
-224
536
1500
1368
1344
2980
2028
316
860
1552
64
368
828
812
-308
1564
1396
1276
3136
2240
724
572
1456
572
196
1012
908
-696
1452
1396
1180
2512
2668
716
516
1304
1028
-172
796
988
-480
1048
1420
1164
2268
3052
1160
496
812
1680
-280
604
1116
-380
536
1452
1464
1384
3148
1812
564
956
1584
76
368
952
508
-228
1752
1172
1208
3188
1804
1180
556
1548
512
-44
1048
1060
-604
1428
1540
1160
2660
2692
904
764
1044
928
-28
844
1260
-796
1016
1468
1104
2084
3092
1116
436
792
1376
-208
700
988
-240
348
1536
1184
1580
3276
1468
732
636
1616
184
228
1156
288
-68
1712
1236
1524
3092
2124
836
476
1852
440
248
844
716
-436
1472
1588
1052
2756
2708
640
716
1288
1080
-168
776
1004
-532
1124
1660
1340
2084
3140
1016
760
952
1540
-316
496
1120
-376
672
1604
1008
1636
3040
1536
676
800
1692
-268
464
808
420
-48
1404
1508
1136
3260
1964
676
776
1552
476
304
912
920
-472
1464
1608
1272
2772
2812
508
656
1336
848
128
584
1048
-544
948
1672
920
2104
3164
1000
668
852
1248
-56
680
1120
-436
436
1400
1256
1520
3172
1616
928
716
1268
32
372
1268
144
-192
1688
976
1344
3084
1896
892
608
1596
108
44
1216
648
-432
1400
1336
1108
2796
2576
880
916
1204
856
-132
884
1040
-572
1280
1680
1160
2312
2884
1060
840
1128
1428
-212
484
1216
-568
792
1652
1156
1708
3088
1360
856
988
1540
-180
292
920
132
188
1656
1196
1300
2804
2096
540
816
1668
224
244
672
628
-360
1732
1548
1120
2780
2316
812
708
1492
776
-36
780
1124
-580
1368
1312
1160
2452
2948
1008
640
1036
1508
-480
708
1296
-448
932
1460
1248
1880
2900
1352
736
944
1528
-276
644
832
108
8
1728
1320
1360
3024
1804
808
572
1664
160
200
972
492
-432
1704
1496
1112
2752
2432
612
812
1432
548
-56
684
1096
-696
1484
1508
832
2380
2804
1196
860
1088
1276
-228
828
1068
-568
940
1528
1232
1864
3200
1488
412
900
1332
24
528
1184
100
-124
1680
836
1536
3216
1872
764
456
1416
-44
336
1128
384
-392
1448
1076
1212
2908
2624
652
444
1404
580
196
916
880
-652
1308
1376
1116
2596
2896
956
280
1288
1164
-224
916
1224
-668
812
1492
1116
2224
3316
1520
692
620
1424
8
768
1236
-180
72
1468
1312
1732
3276
1780
424
712
1408
176
512
1088
384
-524
1492
1260
1296
3048
2216
704
440
1308
568
84
1156
948
-860
1416
1316
1012
2712
2920
1004
388
1172
940
88
1096
1092
-668
864
1512
1340
2012
3268
1304
556
748
1624
-160
744
1116
-176
472
1600
1244
1588
3448
1580
540
700
1380
-28
384
1080
328
-204
1244
1488
1236
3016
2500
324
656
1328
372
320
864
872
-568
1444
1304
1216
2572
2680
1008
544
1280
804
16
776
968
-612
1236
1584
1248
1988
3432
1004
792
844
1352
-112
576
1332
-484
600
1568
1332
1672
3476
1688
544
748
1456
72
692
996
300
-112
1744
1304
1128
3324
1880
820
468
1580
492
24
1076
636
-696
1488
1356
1132
2908
2472
752
504
1312
1008
-68
792
1152
-936
1116
1488
1216
2432
2924
888
608
948
1496
-116
696
1212
-512
852
1524
1324
1768
3148
1352
524
788
1788
64
620
1324
-188
40
1588
1416
1636
3184
1892
444
444
1796
344
376
804
264
-452
1524
1228
1172
2768
2440
608
772
1476
796
204
668
1132
-768
1116
1516
876
2632
3220
656
688
992
1496
-60
568
1368
-796
1168
1484
1236
1844
3088
1284
616
952
1316
-168
736
1216
24
116
1612
1472
1408
3384
1840
604
912
1332
228
288
1052
460
-264
1508
1216
1124
2952
2204
784
516
1388
480
76
924
880
-552
1252
1604
1096
2460
2908
836
688
976
900
-208
804
1136
-624
1128
1344
1376
2012
3200
1096
484
1232
1200
-176
672
1092
-228
612
1524
1316
1700
3144
1708
532
936
1756
40
496
1152
160
152
1648
1532
1244
3124
2040
476
780
1452
184
260
860
788
-508
1356
1316
1208
2684
2620
872
444
1344
848
100
640
956
-524
1140
1624
1040
2200
3004
904
508
1116
1232
-24
628
1268
-276
576
1600
1036
1976
3104
1460
560
844
1684
-48
780
980
-48
204
1660
1664
1292
3080
2000
584
736
1604
132
428
812
380
-260
1524
1384
856
2904
2352
584
788
1472
564
100
636
952
-752
1088
1464
1224
2808
2900
804
320
1184
1300
-76
748
1016
-860
948
1388
1164
2052
3164
1364
312
1068
1292
128
652
1196
-104
360
1412
1380
1508
3212
1816
580
704
1680
-72
672
1272
128
68
1520
1304
1520
2920
2124
660
656
1516
368
140
736
876
-592
1560
1160
1084
2692
2856
872
556
1432
976
28
788
856
-556
1220
1416
1240
2144
3084
916
544
1096
1344
-44
412
1284
-332
676
1596
964
1868
3148
1576
792
880
1692
-96
416
1352
112
320
1588
1528
1400
2864
2024
540
796
1852
28
108
1008
536
-372
1484
1344
888
2760
2488
712
580
1432
736
0
832
836
-548
1116
1348
1140
2708
2888
900
268
1172
1248
0
636
1024
-616
800
1460
1360
2000
3168
1372
496
1056
1484
-172
556
1124
-88
360
1692
1204
1560
3088
1756
788
792
1620
-52
628
1296
336
-104
1584
1392
1184
2908
2364
560
540
1624
448
180
596
800
-416
1364
1436
1036
2528
2796
668
588
1244
924
32
768
1068
-676
864
1488
1324
2020
3104
1052
496
1092
1332
0
568
1200
-224
468
1576
1312
1948
3092
1792
376
580
1700
96
552
1144
140
-88
1552
1216
1344
3200
2320
468
632
1528
176
412
976
632
-588
1208
1288
1124
2864
2728
756
420
1136
876
-68
948
1064
-688
952
1268
1052
2296
3260
1076
652
936
1104
-260
884
1260
-216
716
1340
1048
1732
3584
1492
500
892
1572
-128
496
1364
268
-32
1464
1108
1440
3324
2184
764
712
1272
-16
444
924
1068
-660
1444
1228
1092
3024
2880
812
448
1176
580
164
976
1260
-748
1156
1268
908
2496
3184
1016
472
728
1016
-28
856
1220
-612
596
1292
1052
2052
3468
1332
440
496
1508
44
888
1224
-208
144
1480
1060
1656
3404
1960
624
488
1484
108
576
1160
596
-316
1572
1188
1096
2908
2624
828
680
1140
372
124
916
1108
-716
1476
1252
872
2540
2768
960
712
1024
792
-240
780
1284
-456
1056
1312
1092
1984
3076
1444
468
1024
1372
-344
512
1352
-84
420
1484
996
1676
3344
1864
616
884
1504
-164
532
1236
392
80
1508
1204
1232
3136
2272
736
724
1392
196
40
1076
996
-464
1580
1116
1128
2680
2456
1100
612
1344
644
-176
764
1380
-544
1132
1444
776
2344
3076
1092
828
976
1232
-384
740
1172
-240
836
1208
1272
1680
3260
1596
668
1016
1604
-300
464
1020
292
344
1612
1236
1244
3296
1864
716
900
1248
28
292
1076
764
-444
1516
1140
1192
2828
2356
820
796
1356
292
40
924
824
-532
1352
1260
900
2208
3104
828
644
1144
1004
-156
368
972
-312
1084
1296
1128
1976
3212
1176
592
1192
1412
-316
568
1188
-8
400
1716
1196
1700
3048
1748
596
816
1624
-64
628
1152
388
8
1540
1320
1132
2940
2316
904
732
1492
288
-80
1104
932
-460
1824
944
1104
2760
2628
1128
404
1496
596
-68
992
980
-468
1112
1348
1156
2156
3024
1120
532
1164
1128
-452
796
1116
-112
740
1440
1160
1864
3252
1384
780
940
1756
-312
764
1188
132
152
1528
1324
1392
3232
1952
724
788
1620
-36
500
876
504
-80
1428
1396
1076
2936
2412
924
916
1244
720
-240
712
1336
-764
1448
1148
940
2480
2868
868
800
1100
840
-316
672
1336
-552
976
1424
1268
1756
3144
1324
624
1140
1140
-480
808
1160
-40
408
1724
1148
1444
3308
1608
840
1044
1404
40
244
1148
564
-32
1632
1168
1336
3016
2372
552
704
1692
248
48
880
908
-604
1404
1276
1180
2716
2724
740
904
1156
600
148
728
1028
-568
992
1380
984
2056
3396
988
860
652
1144
-200
600
1412
-416
760
1412
932
1876
3336
1436
912
604
1464
-152
480
1432
-40
52
1640
1116
1292
3152
2164
740
780
1444
60
404
1136
852
-376
1668
1180
1208
2792
2568
772
952
1240
464
48
740
1124
-544
1404
1356
912
2328
2864
1076
824
988
1004
-284
844
1140
-436
964
1132
1304
1996
3348
1532
432
964
1452
-380
792
1088
16
412
1396
1216
1640
3528
1880
528
936
1340
76
424
1240
324
-220
1376
1392
1240
3196
2260
600
800
1352
252
148
1304
736
-616
1616
1236
1348
2704
2600
936
200
1412
744
0
832
880
-616
1180
1560
988
2012
3200
988
676
1140
1104
-200
596
1300
-252
680
1460
980
2064
2980
1604
876
632
1556
-228
588
1080
200
264
1736
1408
1424
3192
2140
416
880
1724
36
196
980
708
-156
1668
1136
1044
2820
2152
936
592
1452
420
-84
676
884
-624
1532
1244
1228
2400
2948
1076
508
1452
972
-228
720
1116
-344
1112
1384
996
2088
3256
1548
612
932
1424
-420
832
1044
-264
572
1716
1224
1604
3320
1732
760
656
1580
-136
552
1004
320
-28
1684
1268
1452
3088
2184
476
748
1752
0
480
644
848
-572
1640
1340
1040
3016
2372
884
704
1272
720
-260
824
1024
-748
1484
1316
1168
2372
2676
1032
716
1032
1228
-256
888
1072
-424
1064
1396
1152
1908
3376
1384
836
948
1312
-40
528
1384
-144
392
1548
996
1796
3288
1696
972
680
1748
-316
384
1200
424
-88
1512
1216
1060
3220
2212
564
844
1368
364
96
784
832
-432
1592
1196
1264
2572
2716
940
576
1464
528
-160
956
984
-384
1280
1216
1044
2180
3100
1160
752
1172
1024
-324
768
1396
-456
872
1520
1008
1920
3240
1472
684
732
1472
-240
508
1252
76
504
1416
1084
1292
3468
1888
584
884
1316
0
240
1152
356
-296
1480
1040
1152
2912
2336
512
576
1520
136
40
664
888
-380
1508
1336
768
2724
2640
936
888
1232
724
-236
716
1320
-556
1448
1240
1064
2256
3068
1300
480
1184
1340
-712
568
1312
-272
1148
1296
1156
1632
3160
1780
864
1140
1364
-412
432
1484
340
224
1628
892
1320
3324
1956
900
580
1404
-288
300
1284
412
208
1456
920
984
2896
2652
952
660
1304
228
72
968
1188
-400
1496
1084
876
2836
2800
1120
544
1132
744
-176
944
1508
-624
1248
1324
940
2200
3152
1524
828
816
1112
-328
816
1448
-244
892
1492
912
1688
3232
1476
988
692
1312
-472
568
1312
160
120
1576
900
1356
3276
1868
1012
508
1560
-108
328
1148
532
-192
1540
1012
1240
2992
2372
980
500
1408
152
120
956
1028
-164
1272
1280
956
2744
3084
976
868
1200
796
-272
936
1268
-408
1148
1276
1052
1988
3260
1384
704
1012
1072
-388
608
1332
-220
804
1404
996
1784
3252
1628
656
748
1492
-284
620
924
268
80
1596
1364
1308
3208
1900
712
844
1524
32
396
1016
500
-396
1736
1260
1180
2852
2452
808
716
1640
576
124
676
1072
-384
1616
1400
1192
2420
2912
876
824
1324
884
56
820
1168
-424
1036
1528
964
1968
3216
1028
596
1096
1480
-336
500
884
-344
676
1764
1084
1464
3116
1408
680
904
1768
-312
548
904
140
120
1796
1188
1372
2944
1956
600
696
1652
112
324
880
660
-248
1672
1300
1064
2712
2544
828
692
1540
532
-36
888
948
-656
1712
1472
1268
2596
2752
888
748
1440
876
12
740
976
-444
1076
1708
1020
2136
3128
1116
680
796
1560
-184
704
1136
-312
600
1292
1352
1688
3252
1564
536
788
1560
-260
556
1212
-52
128
1644
1168
1280
2992
2052
620
680
1520
152
564
752
552
-404
1604
1360
1328
3036
2332
744
748
1580
756
-44
716
1208
-608
1568
1452
1064
2484
2800
740
892
1204
972
-116
656
1376
-672
920
1636
1008
1976
3180
940
588
872
1228
-76
580
1060
-100
488
1900
1108
1572
3164
1608
824
524
1816
-272
680
1188
24
128
1680
1144
1348
3056
2152
680
824
1628
60
268
944
844
-248
1660
1248
1204
2848
2748
896
988
1436
400
-100
756
1148
-544
1616
1128
912
2456
2796
1112
596
1316
936
-424
912
1116
-488
916
1256
1248
2072
3192
1204
636
920
1264
-500
608
1104
-252
808
1380
1180
1640
3292
1596
808
944
1312
-212
332
1240
200
-72
1788
1204
1616
3068
1900
836
728
1768
48
244
1056
404
-296
1572
960
1384
2648
2500
836
708
1476
388
48
712
1132
-648
1308
1396
1100
2496
3024
744
980
956
972
-308
628
1044
-712
1336
1180
988
2032
2952
1552
460
1156
1188
-552
812
1196
-100
768
1468
768
1756
3472
1612
900
764
1520
-324
400
1140
112
148
1688
976
1500
3124
1924
988
440
1588
268
184
900
564
-296
1716
1276
1084
2688
2476
684
668
1512
236
220
496
1080
-628
1324
1452
884
2552
2700
944
780
1096
868
-144
544
1132
-600
932
1616
976
2108
3020
1032
828
924
1440
-152
692
1364
-320
576
1728
1224
1792
3228
1696
628
896
1628
56
592
1100
180
-96
1664
1432
1244
3064
2008
672
756
1388
388
364
1032
592
-512
1716
1228
1136
3116
2488
680
472
1336
640
56
920
860
-828
1452
1488
1132
2608
2920
808
624
1212
1104
-232
660
1192
-740
1108
1332
1276
2152
2940
1524
392
1112
1292
-112
740
1072
-204
260
1612
1024
1696
3344
1720
644
748
1448
-68
544
1232
236
140
1300
1136
1344
2972
2412
696
664
1288
-116
160
1120
840
-348
1400
1228
960
2988
2740
844
428
1128
748
52
1016
1016
-740
1428
1224
1040
2688
2916
1196
600
1040
1312
-536
860
1452
-516
928
1120
992
2088
3320
1324
464
912
1500
-380
780
1124
-96
324
1592
1208
1488
3288
1744
752
840
1308
-100
436
892
660
-328
1788
1176
1072
2884
2172
872
664
1376
352
-36
928
888
-488
1688
1116
1176
2580
2676
920
664
1448
632
32
808
1208
-404
1392
1212
1000
2276
3004
1100
648
1056
1232
-456
856
1268
-392
828
1572
1044
1688
3216
1556
740
816
1440
-284
580
1116
-132
436
1428
1160
1472
3116
1692
568
856
1468
-76
348
848
524
-148
1536
1112
1220
2820
2376
760
476
1616
392
36
1248
644
-420
1580
1368
1092
2604
2800
980
692
1220
780
-56
924
1208
-584
1408
1328
880
2344
3116
1360
532
1056
1116
-400
796
1132
-356
964
1556
1124
1620
3056
1568
776
1076
1320
-216
404
1156
28
368
1684
1044
1448
3044
1888
812
404
1624
-84
176
1208
292
-28
1532
996
1232
2804
2456
644
692
1732
232
88
976
844
-264
1364
1360
1192
2700
2748
1012
796
1304
920
-144
840
1276
-560
1064
1400
1108
2292
2988
1352
652
1076
1056
-248
676
1168
-280
764
1544
1008
1776
3144
1484
648
724
1332
-272
340
1360
-92
292
1604
852
1548
3060
1940
736
516
1628
-152
472
1128
380
-80
1628
1052
1420
3060
2504
876
476
1628
308
172
1108
772
-544
1572
1336
1160
2588
2676
1048
836
1256
900
-208
744
1260
-528
1332
1180
932
2388
3204
1076
456
892
1336
-624
932
1100
-580
932
1252
1228
1720
3096
1520
760
780
1488
-368
828
1132
20
360
1544
988
1404
3432
1800
872
632
1596
-60
324
1336
524
-200
1680
1028
1396
3068
2500
692
680
1528
372
276
1088
924
-320
1544
1112
1104
2804
2992
672
700
1176
916
-224
984
1024
-844
1356
1188
1180
2080
3332
1044
636
768
1096
-124
696
1264
-256
748
1452
1184
2008
3452
1368
432
1052
1476
-344
724
1072
248
260
1520
1136
1392
3228
1892
496
948
1560
-40
688
976
480
-416
1840
1376
1284
3028
2160
736
668
1664
332
12
844
564
-468
1560
1424
968
2692
2824
544
812
1304
664
180
408
1088
-684
1332
1740
1068
2148
2872
980
568
1332
1072
-396
780
1080
-312
952
1420
1244
1772
3376
1492
544
1008
1488
-388
596
1084
20
480
1416
1008
1700
3216
2076
540
836
1688
-220
772
852
440
140
1448
1144
1240
3232
2460
648
344
1400
336
132
1248
900
-552
1364
992
1036
2968
2632
1152
456
1144
364
-284
1116
1296
-360
1108
1028
956
2212
3072
1508
448
984
1068
-488
948
1488
-572
804
1512
852
1948
3300
1436
704
644
1572
-188
904
1184
-32
160
1600
1124
1408
3316
1904
884
484
1676
-128
368
1284
368
-24
1468
1024
1332
3024
2392
688
560
1476
124
184
976
744
-376
1228
1436
948
2608
2680
780
704
1016
692
-144
912
1264
-760
1180
1280
1040
2472
3216
1220
724
924
1076
-232
932
1444
-364
720
1356
1172
1756
3376
1472
792
940
1260
-288
764
1356
32
120
1408
1112
1660
3336
1800
680
528
1472
-88
452
1328
328
-444
1432
1036
1116
3084
2328
708
560
1204
280
328
956
932
-664
1084
1304
1168
2984
2868
832
196
1172
960
-20
944
1084
-612
1040
1172
1216
2364
3268
1068
648
928
936
-36
844
1368
-520
608
1572
1116
2036
3200
1696
628
736
1232
-232
888
1192
-100
180
1528
1220
1492
3292
1620
692
412
1452
100
232
1148
368
-324
1628
932
1312
3212
2232
996
400
1336
228
284
972
876
-456
1180
1384
1136
2908
2896
852
768
1192
576
-28
868
1428
-620
1100
1264
1136
2384
3252
1160
576
1076
916
-48
944
1204
-268
624
1312
1132
2072
3244
1304
592
512
1508
-272
676
1612
-132
104
1224
1044
1708
3412
1696
648
600
1500
84
280
1232
484
-264
1580
1064
1340
3096
2548
756
732
1232
76
520
992
808
-420
1332
1096
1072
3088
2636
812
660
1296
976
-108
908
1184
-476
1216
1352
1300
2344
3316
932
716
1076
900
-96
816
1360
-416
568
1464
1156
1888
3360
1312
792
512
1348
-100
836
1184
-324
444
1524
1156
1652
3324
1688
572
512
1432
84
444
920
464
-24
1560
1268
1132
3280
2292
584
916
1296
460
52
1284
872
-620
1532
1092
1324
2912
2692
912
712
1264
788
-240
956
1088
-524
1228
1224
1280
2364
3084
976
604
996
956
-200
692
1436
-228
696
1536
788
1940
3488
1232
600
536
1396
-404
584
1268
-136
476
1536
972
2056
3260
1724
528
696
1744
-152
696
1064
548
-352
1408
1488
1440
3260
2144
392
704
1448
324
556
1276
616
-620
1392
1520
1256
2968
2648
900
536
1292
664
48
968
984
-380
1176
1272
1236
2460
2920
872
480
1080
1052
-96
720
1172
-356
712
1524
1056
2024
3416
904
724
884
1324
-112
628
1324
-396
392
1460
968
1936
3328
1580
756
568
1668
-196
644
1008
388
-76
1692
1300
1532
3132
1984
588
668
1520
116
176
884
832
-384
1604
1256
832
3028
2644
836
612
1372
404
104
1140
896
-492
1456
1144
1180
2712
2936
972
508
1212
900
-120
740
1296
-468
884
1312
808
2308
3252
1220
564
900
1252
-268
800
1252
-228
640
1332
988
1748
3472
1904
540
928
1196
-12
668
1412
216
40
1316
1040
1368
3508
2288
536
588
1424
-40
368
1196
596
-296
1368
1056
1140
3308
2648
580
604
1128
560
72
1092
1088
-576
1248
1312
892
2724
2912
972
696
1116
852
-272
928
1268
-604
872
1296
1012
2304
3056
1408
692
824
1268
-400
904
1228
-336
764
1488
920
1556
3368
1708
868
932
1264
-192
568
1228
348
184
1464
1060
1368
3132
2060
480
700
1304
80
484
1064
500
-412
1456
1284
1328
3016
2316
932
516
1488
452
-52
1232
704
-324
1516
1284
976
2436
3116
948
580
1304
596
116
652
1156
-352
1128
1556
1008
2144
3280
1300
628
1024
1176
-104
536
1264
-332
916
1452
844
1924
3284
1568
736
976
1328
-168
640
1244
112
60
1552
1076
1432
3380
1880
524
648
1428
32
416
980
528
-348
1500
1460
1164
3012
2484
704
564
1224
580
152
984
964
-544
1504
1404
720
2748
3044
796
684
1216
740
24
588
1388
-504
1156
1452
1152
2336
3180
1040
540
984
1408
-240
888
1328
-508
548
1536
904
2152
3312
1372
972
700
1432
-116
532
1328
68
-84
1448
1244
1400
3316
1972
584
488
1404
84
308
1112
600
-416
1648
1156
1076
2976
2624
624
676
1304
472
-28
1172
1200
-532
1332
1260
1024
2784
2932
832
964
700
1180
-196
820
1420
-612
1028
1320
992
2180
3368
1148
536
900
1176
-396
660
1252
-208
596
1464
1124
1628
3316
1476
724
704
1500
-124
456
1308
104
48
1724
1288
1124
3224
1980
588
908
1564
192
232
980
684
-408
1748
1204
1284
2840
2704
768
592
1404
732
192
704
988
-568
1276
1468
920
2592
2816
1044
696
1180
1140
-152
864
1172
-548
980
1528
1184
1964
3228
1132
752
720
1464
-240
560
1364
-244
540
1512
1124
1580
3080
1688
648
480
1660
-124
476
1036
284
-44
1320
1436
1304
3268
2272
592
628
1604
356
340
840
952
-564
1616
1400
1028
2800
2868
896
528
1240
552
216
792
1172
-512
856
1172
1140
2336
3128
988
532
1080
1148
-248
768
1204
-468
592
1364
1208
1872
3448
1324
584
808
1132
-20
612
1420
156
-72
1632
1108
1668
3416
1900
600
308
1520
160
472
1140
544
-444
1492
1228
1200
3148
2528
456
740
1296
880
96
924
980
-836
1552
1320
1084
2740
2644
776
864
1240
972
-268
764
1108
-576
952
1392
1040
1920
3068
1288
780
1056
1292
-332
704
1176
-304
560
1796
1120
1516
3052
1580
844
756
1540
60
268
1100
216
132
1652
1308
1428
3048
2072
728
752
1692
176
200
988
720
-424
1424
1480
1088
2624
2704
876
852
1316
516
-56
628
1072
-320
1180
1336
896
2196
2952
1012
476
1264
1072
-348
780
1052
-404
740
1500
1148
1780
3044
1316
580
932
1496
-224
632
1084
-184
120
1712
1268
1660
3156
1912
804
684
1720
-48
540
1084
540
-432
1552
1448
1152
3028
2384
672
724
1636
536
180
756
1128
-620
1108
1496
1088
2616
2936
928
444
1080
1236
36
660
1128
-676
1072
1392
1384
2024
3076
1236
408
920
1292
164
772
1100
-176
148
1728
1304
1484
3368
1616
536
548
1636
112
532
1164
124
-80
1464
1532
1440
2968
2324
572
680
1652
296
232
672
832
-284
1528
1256
1096
2644
2724
956
680
1472
956
-208
812
1040
-348
976
1400
1384
1940
2912
924
588
1280
1232
-252
532
1100
-448
404
1704
1384
1616
2980
1348
740
696
1588
12
240
1048
56
140
1576
1444
1172
2984
1944
516
724
1652
368
8
1056
772
-524
1556
1344
1392
2888
2204
660
524
1572
964
20
880
848
-740
1092
1408
1436
2408
3012
992
576
1164
1204
-240
604
1248
-516
604
1412
1364
1780
3168
1376
432
928
1480
-36
752
972
-100
72
1348
1676
1272
3320
1876
396
716
1552
100
192
1076
628
-448
1704
1544
1304
3060
2496
692
628
1408
772
204
672
1120
-732
1152
1400
1452
2496
3076
784
648
1216
1136
-120
756
1324
-640
660
1324
1192
1940
3208
1352
536
784
1520
-216
460
1172
-96
400
1312
1272
1620
3108
1952
384
592
1680
20
512
876
500
-476
1528
1484
1328
2884
2160
768
532
1580
772
-60
908
1064
-432
1256
1492
1148
2412
2860
820
616
1256
1016
-104
612
1132
-580
836
1608
1488
1752
3180
1376
584
1024
1360
-76
600
788
-112
312
1616
1260
1324
3072
1792
516
732
1628
216
216
872
468
-488
1532
1316
1116
2940
2360
620
784
1700
480
128
788
864
-604
1340
1536
1152
2300
2792
968
532
1268
1056
-88
948
1020
-544
660
1648
1540
1984
3268
1152
476
1004
1688
92
532
1156
-256
44
1512
1292
1600
3320
1672
464
488
1704
288
456
1068
288
-656
1568
1440
1204
2992
2244
592
420
1404
652
104
944
704
-896
1332
1424
1356
2528
2992
716
676
1268
1044
16
596
1372
-732
836
1668
1260
2048
3000
1236
596
720
1648
-4
628
1048
-16
104
1504
1324
1360
3228
1716
572
784
1624
152
276
1204
596
-532
1596
1604
1248
2668
2244
696
460
1500
476
104
896
932
-880
1384
1504
932
2524
2708
1052
672
1144
1252
20
580
1048
-316
876
1520
1324
1752
3160
1332
584
1056
1656
100
372
1236
44
168
1496
1460
1428
3284
1972
520
632
1800
296
404
924
512
-444
1464
1532
1264
2796
2496
492
596
1520
800
216
868
924
-860
1112
1392
1368
2384
2940
816
312
1068
1440
-16
568
1140
-556
704
1624
1268
1832
3348
1576
660
568
1660
-104
784
916
156
-100
1344
1764
1160
3332
1904
484
756
1456
692
112
1112
668
-824
1436
1108
1492
2732
2644
640
404
1496
708
-12
856
960
-700
956
1444
1160
2096
3080
1216
784
828
1296
-200
548
1204
-376
740
1508
1340
1408
3380
1800
508
736
1536
68
440
1028
344
-40
1572
1424
1232
3176
2128
584
516
1616
620
184
968
712
-404
1264
1296
1372
2600
2772
848
476
1328
1004
184
520
1300
-564
868
1516
1056
2208
3064
1060
464
876
1468
-160
636
1228
-324
184
1584
1572
1568
3384
1524
600
820
1516
112
712
968
480
-344
1408
1428
1284
3244
2340
724
568
1476
620
212
760
1016
-616
1360
1420
1196
2772
3080
836
684
1088
1240
8
796
1388
-600
932
1536
1128
1932
3356
1228
504
708
1380
-132
792
1136
-76
304
1352
1432
1508
3380
1760
448
764
1400
168
360
1080
624
-376
1652
1168
1228
3280
2220
848
496
1316
660
64
1164
1040
-476
1212
1100
1244
2564
3104
728
368
1304
1020
40
792
1244
-280
644
1516
1124
1916
3272
1108
696
832
1504
-244
600
1344
144
100
1496
1272
1412
3296
1740
592
388
1452
260
336
1224
484
-600
1452
1152
1144
2868
2488
668
508
1440
644
580
684
1164
-724
1076
1376
1164
2692
2952
852
484
1120
1324
92
756
1256
-472
860
1504
1324
1972
3320
1616
492
632
1672
-192
716
1264
56
48
1320
1104
1472
3472
1960
732
560
1572
204
204
1176
604
-492
1428
1432
1324
2724
2460
892
628
1376
432
104
540
1024
-544
1044
1580
776
2584
3024
1008
768
904
1240
-84
752
1460
-580
740
1476
1104
1764
3300
1424
824
932
1332
120
472
1196
312
76
1740
1344
1292
3412
1824
700
620
1736
208
104
1136
420
-460
1500
1340
1260
2684
2500
812
560
1484
572
188
760
800
-652
1132
1528
1284
2324
3004
904
524
936
1400
-240
704
1408
-460
776
1696
1284
1840
3348
1364
632
920
1424
252
600
1120
64
276
1512
1108
1540
3268
2016
536
584
1568
288
440
964
884
-792
1356
1460
1116
3072
2384
768
656
1184
752
-128
980
1356
-920
1308
1252
1108
2532
2988
1152
668
1048
1220
-228
744
1220
-364
572
1508
1308
1796
3232
1568
384
808
1588
12
660
1004
276
-44
1732
1416
1356
3260
1876
512
676
1536
368
368
1172
544
-640
1348
1172
1344
2924
2532
568
268
1376
676
80
816
1124
-756
1024
1464
1204
2108
3216
928
484
956
1204
8
560
1252
-408
696
1352
1180
1884
3488
1444
608
768
1512
-80
548
1308
156
-168
1496
1524
1420
3300
1988
712
404
1484
444
388
956
732
-696
1500
1332
1296
2816
2652
644
460
1300
768
300
648
1072
-772
1072
1588
1032
2072
3124
852
532
972
1388
-52
668
1008
-344
588
1520
1216
1736
3244
1404
764
772
1876
-64
596
1156
52
16
1420
1520
1460
3120
2020
608
584
1664
464
288
984
736
-500
1484
1460
1388
2720
2616
848
660
1264
728
328
812
1092
-684
1064
1568
1056
2336
3112
776
344
852
1500
12
652
1076
-588
336
1488
1080
1952
3440
1276
612
740
1656
36
692
1148
80
-168
1372
1612
1420
3152
2040
384
616
1572
252
492
896
704
-372
1484
1396
1204
2832
2652
804
644
1380
740
92
792
1056
-700
1052
1528
1356
2316
3232
1024
416
948
1372
136
736
1228
-644
400
1536
1320
1852
3256
1492
312
744
1604
-12
708
1076
-12
-196
1456
1328
1564
3204
2096
428
464
1680
368
468
736
596
-472
1448
1536
1316
2708
2712
608
540
1408
932
196
700
1072
-768
1160
1744
1368
2412
2876
912
348
1216
1460
32
756
884
-576
308
1560
1416
1776
3216
1420
284
748
1640
208
428
1096
-68
-240
1636
1464
1520
3268
2088
336
684
1372
540
180
996
772
-732
1360
1364
1376
2660
2820
796
300
1196
864
128
1052
1136
-608
976
1448
1308
2080
3228
1160
284
1008
1372
24
760
1176
-500
408
1656
1260
2076
3092
1340
380
572
1736
-124
844
1236
-112
-252
1276
1368
1464
3100
2200
288
516
1340
612
436
868
672
-856
1556
1172
1412
2764
2632
584
364
1464
792
324
704
1172
-552
1180
1464
1412
2204
3180
1084
444
1180
1396
-112
856
1112
-356
388
1584
1336
1768
3292
1344
704
608
1648
-56
524
1220
192
-264
1636
1060
1540
3040
2148
792
464
1640
332
504
776
684
-768
1424
1408
1216
2940
2440
504
492
1164
1000
-80
880
1196
-728
1224
1440
1484
2264
3116
980
728
932
1436
-188
720
1296
-516
556
1576
1512
1668
3384
1356
520
712
1576
120
728
1064
184
-388
1568
1504
1352
3420
1792
544
304
1732
408
316
1232
440
-544
1592
1324
1548
2576
2584
776
244
1524
980
-180
820
800
-684
1188
1456
1244
2292
2944
1000
708
952
1240
-200
684
1280
-348
584
1616
1168
1900
3268
1444
640
704
1692
-104
432
1264
200
60
1636
1464
1264
3228
1944
448
600
1376
328
380
952
760
-548
1304
1532
1240
3080
2452
628
588
1376
868
-144
860
912
-804
984
1368
1448
2212
3192
768
484
1076
1268
20
676
1196
-772
660
1584
1484
1804
3296
1508
668
920
1664
-40
600
920
424
-76
1584
1484
1160
3360
1908
620
816
1476
472
64
1032
748
-520
1376
1248
1348
2796
2708
580
712
1400
488
308
724
1232
-568
796
1580
1116
2308
3168
872
824
784
1316
-280
840
1308
-332
632
1232
1364
1696
3484
1456
600
828
1368
-72
444
1252
56
-104
1520
1376
1464
3124
2004
552
756
1720
128
200
888
668
-348
1340
1164
1372
3004
2700
800
456
1224
828
116
896
1016
-812
1064
1436
1356
2200
3204
996
408
1260
816
-44
924
1244
-656
704
1268
1312
1612
3388
1312
584
896
1472
-4
600
1200
292
52
1600
1324
1648
3316
1976
716
376
1808
392
408
1132
456
-424
1484
1572
1176
2988
2580
584
728
1312
708
372
908
1004
-696
1124
1644
1172
2416
2840
808
656
1104
1144
-92
672
1344
-784
516
1700
1132
1888
3248
1344
488
740
1284
152
692
1228
-132
132
1520
1268
1476
3348
1940
596
572
1732
144
392
1052
684
-388
1556
1344
1116
3144
2628
580
548
1244
708
172
1136
1204
-640
1124
1212
1372
2568
2908
956
320
1060
992
-132
752
1296
-688
632
1524
1184
1864
3404
1464
520
520
1368
-108
472
1224
-84
260
1368
1160
1492
3376
2144
408
468
1748
356
360
1052
580
-340
1352
1324
1160
3148
2636
604
560
1136
756
164
1248
1172
-660
1076
1296
1208
2364
3188
860
496
1040
1140
-116
768
1428
-680
616
1256
1028
2008
3304
1468
432
724
1412
48
672
1268
-36
-88
1544
1344
1640
3392
1828
736
628
1608
104
472
1196
672
-356
1340
1372
1280
2900
2568
576
536
1656
684
84
880
1060
-544
1276
1420
1332
2340
3028
1024
496
1292
1004
-92
844
1096
-460
736
1424
1432
1708
3036
1392
352
904
1412
20
760
976
-260
-40
1712
1272
1388
3048
1936
436
372
1768
308
436
924
320
-432
1428
1320
1632
2816
2656
484
264
1768
700
300
700
1096
-528
1112
1616
1144
2544
2964
824
592
880
1408
4
736
1148
-776
752
1496
1400
1788
3116
1588
364
956
1540
-32
572
1080
52
80
1708
1440
1500
3228
1876
576
736
1432
160
292
956
692
-504
1540
1368
1064
2904
2388
684
672
1404
724
-188
780
1124
-516
1424
1276
1300
2208
3120
1104
500
1160
1320
-160
656
1064
-292
868
1628
1228
1704
3132
1528
732
848
1568
-280
492
1116
132
156
1448
1408
1416
3180
1920
684
556
1472
164
428
1088
520
-760
1524
1336
1184
2788
2460
812
396
1264
760
-40
844
1100
-824
1092
1280
1300
2396
3064
1084
368
1040
1212
-56
532
1368
-424
572
1496
1240
1756
3188
1452
820
448
1768
-208
432
1636
-108
312
1540
1228
1456
3108
2224
396
716
1412
96
232
860
796
-480
1276
1520
1232
2804
2720
704
468
1512
840
8
996
872
-816
1204
1400
1416
2244
3116
904
380
1108
1248
92
628
1004
-468
424
1624
1336
1756
3408
1464
592
840
1656
108
408
1256
248
-60
1592
1300
1488
3192
1952
440
748
1560
488
412
776
736
-624
1364
1264
1340
2820
2600
628
532
1500
812
-56
792
1096
-860
1040
1388
1320
2272
2852
996
516
976
1288
-108
648
1064
-368
464
1560
1300
1816
3144
1456
736
716
1796
-44
288
1160
376
60
1480
1356
1248
3228
2116
548
740
1648
392
480
704
844
-460
1412
1452
1272
2912
2452
696
460
1400
996
-64
660
972
-572
952
1456
1204
1984
2936
868
556
1036
1312
32
508
1164
-132
476
1572
1212
1380
3592
1428
500
824
1408
-44
652
984
288
-32
1680
1400
1400
3080
2204
608
716
1624
272
236
932
976
-492
1472
1476
1156
2904
2644
752
644
1472
700
104
856
1276
-976
1080
1532
1416
2304
2940
1044
668
920
1184
-108
628
1372
-624
476
1648
1280
1776
3204
1368
320
776
1568
68
940
980
100
52
1308
1444
1496
3404
2092
280
604
1632
532
452
996
732
-652
1664
1236
1432
2856
2380
800
476
1596
648
160
932
1036
-672
1104
1424
1228
2328
3116
836
556
1084
1148
0
664
1020
-340
596
1468
1276
1856
3376
1300
260
776
1528
-100
640
1164
64
44
1352
1236
1604
3340
1712
564
880
1544
44
648
1112
584
-628
1200
1700
1264
2984
2364
640
524
1244
872
188
1028
1044
-852
1388
1348
1404
2404
3064
988
368
1300
1008
4
700
1284
-524
800
1364
1096
2040
3244
1280
492
892
1396
-328
652
1308
-52
224
1540
1236
1652
3164
1668
528
612
1592
40
656
976
468
-204
1504
1544
1464
3008
2356
476
800
1448
416
272
920
1020
-616
1504
1504
1384
2640
2768
820
564
1312
940
112
724
1360
-652
972
1648
1176
2388
3156
992
708
996
1348
-76
728
1224
-432
304
1500
1356
1712
3232
1608
372
768
1324
-252
756
996
24
0
1464
1108
1384
3344
2276
676
584
1496
284
344
1144
572
-296
1268
1272
1408
2984
2592
616
512
1588
764
40
920
1008
-724
1024
1412
1320
2440
3272
776
348
900
968
116
952
1200
-864
724
1352
1280
2264
3236
1308
248
736
1568
-44
576
1236
-196
140
1424
1340
1712
3308
1668
512
696
1668
-144
492
1320
256
-380
1428
1316
1556
3104
2256
604
432
1308
588
180
1104
692
-824
1448
1264
1460
2724
2724
884
352
1360
724
172
772
1116
-732
904
1476
1320
2344
3288
904
572
724
1340
-76
728
1388
-384
492
1116
1220
2056
3580
1476
336
436
1408
-88
656
1340
-88
0
1248
1140
1936
3396
2136
500
488
1732
56
560
1140
504
-360
1180
1288
1576
3076
2768
668
404
1372
300
304
1360
1188
-808
1160
1224
1404
2680
3164
1068
448
980
844
184
944
1328
-464
504
1220
1200
2324
3436
1132
436
592
1280
-316
932
1420
-376
428
984
1364
1780
3472
1884
280
572
1396
-220
616
1252
344
-336
1188
1356
1476
3344
2464
584
408
1520
468
324
1040
992
-616
1336
1244
1340
2960
2976
864
376
1508
624
204
996
1204
-608
916
1488
1048
2280
3344
948
556
876
1108
-36
992
1368
-736
864
1184
1140
1968
3528
1616
296
756
1236
-128
900
1104
52
-32
1368
1248
1500
3420
1968
508
492
1584
52
748
1024
824
-368
1336
1388
1196
3060
2544
700
448
1392
348
284
1016
944
-704
1280
1296
1236
2680
2972
940
288
1288
828
48
1008
1104
-688
792
1644
1128
2144
3224
1264
360
656
1332
-140
648
1148
-228
480
1340
1112
1808
3412
1748
436
644
1584
-188
636
1268
72
-132
1404
1572
1496
3164
2184
464
920
1508
284
528
1052
900
-668
1508
1340
1232
2796
2668
832
432
1332
732
196
896
908
-524
1244
1332
1304
2424
3048
856
500
1136
1040
-152
740
1384
-576
640
1328
1108
1904
2992
1468
620
548
1748
-300
652
1176
-132
240
1408
1128
1352
3200
1844
544
536
1612
204
508
828
704
-304
1664
1392
1196
3056
2360
676
668
1548
332
340
748
948
-436
1312
1504
924
2720
2832
764
704
1208
860
-24
648
1160
-476
796
1632
1336
2068
3028
932
548
976
1456
-104
724
1128
-300
384
1628
1272
1404
3196
1472
584
936
1540
12
500
1284
332
-212
1656
1108
1456
3288
2192
624
400
1688
460
356
1112
628
-548
1656
1048
1392
2808
2608
864
240
1564
816
132
876
1056
-528
884
1432
1204
2352
3220
1080
400
1028
1128
-132
944
1172
-472
392
1384
1268
1912
3300
1592
368
740
1604
-36
740
1012
0
-180
1236
1424
1680
3408
1956
228
680
1368
400
688
924
544
-664
1412
1304
1628
2796
2620
780
652
1456
504
336
1120
964
-760
1172
1608
1140
2604
2896
888
492
924
1332
-280
604
1508
-608
968
1060
1164
2008
3296
1324
508
992
1268
-272
644
1072
-140
12
1420
1456
1604
3244
1844
476
744
1400
148
568
884
624
-584
1564
1736
1316
3156
2528
448
464
1528
872
368
840
848
-840
1292
1560
1500
2776
2704
780
336
1412
1048
332
744
912
-620
788
1484
1312
2040
3196
980
508
732
1420
80
608
1232
-252
204
1416
1124
1848
3284
1596
624
592
1736
140
448
1168
112
-492
1500
1444
1500
3096
2148
692
340
1632
464
296
1040
848
-624
1440
1172
1400
2876
2784
748
256
1320
824
244
872
1244
-856
1212
1140
1260
2176
3140
1276
360
776
1324
-148
720
1060
-396
436
1520
1236
1920
3196
1240
612
700
1520
-80
640
1052
88
-180
1528
1416
1204
3176
2092
556
496
1648
216
440
880
520
-404
1388
1428
1384
2956
2608
504
600
1448
624
344
776
1228
-812
1040
1468
1272
2452
3292
752
468
956
1080
160
492
1444
-468
572
1796
932
2156
3264
1316
704
548
1648
-100
688
1032
-216
140
1508
1380
1572
3176
1868
460
632
1656
76
600
1084
340
-368
1332
1524
1372
2928
2344
520
620
1476
444
264
964
808
-600
1288
1380
1256
2436
3016
884
728
1280
828
64
800
1332
-596
960
1488
1104
2020
3456
1104
736
820
1280
-36
652
1148
-296
368
1300
1252
1820
3460
1396
708
520
1368
-12
596
1284
116
-480
1464
1368
1780
3168
2040
648
548
1724
308
556
908
540
-496
1348
1612
1204
2916
2900
616
744
1176
772
292
816
1088
-676
1092
1300
1352
2656
3100
852
468
1056
1368
-88
804
1100
-524
620
1456
1276
1912
3140
1028
688
812
1636
-184
588
1068
-208
216
1640
1276
1508
3300
1688
480
588
1684
148
548
1056
512
-404
1636
1428
1316
3092
2308
632
796
1340
532
284
808
976
-704
1692
1252
1324
2680
2908
1012
400
1180
820
152
844
1192
-616
876
1476
1148
2280
3240
780
712
512
1408
-108
712
1168
-468
420
1408
1560
1608
3328
1200
588
792
1476
-124
352
1224
68
-72
1492
1112
1636
3240
1908
696
616
1580
-60
272
1012
660
-328
1512
1252
1384
3020
2632
800
664
1308
776
164
1016
996
-648
1600
1192
1180
2804
2960
952
252
972
1108
-12
948
1120
-640
740
1324
1300
2280
3232
1136
400
652
1508
-300
940
1196
-436
616
1024
1360
1940
3444
1644
476
320
1612
28
760
1464
164
-524
1496
1256
1616
3396
2152
672
372
1392
280
680
1036
716
-572
1412
1180
1436
3096
2768
520
400
1236
664
256
872
1156
-824
1332
988
1312
2600
2924
1024
444
996
1172
-128
732
1292
-564
968
1272
924
1996
3372
1032
736
792
1364
-188
468
1288
-404
520
1612
1072
1764
3232
1768
640
520
1464
-72
332
1172
368
-104
1832
1172
1188
3328
2184
748
456
1692
252
288
944
584
-300
1596
1180
1244
3024
2904
604
580
1468
684
192
912
1124
-912
1332
1384
1168
2564
2956
1024
392
1096
932
-124
760
972
-492
784
1436
1236
1744
3384
1152
420
908
1344
52
836
1128
-124
220
1504
1168
1760
3232
1636
536
616
1832
-44
492
1128
168
212
1484
1372
1360
3088
2272
476
788
1516
240
508
1020
592
-720
1612
1396
1296
3080
2344
640
588
1432
872
64
868
968
-796
1232
1416
1292
2240
3144
652
292
1164
1108
60
732
1172
-860
916
1496
1268
2196
3028
1296
544
980
1416
-72
664
1208
-152
284
1684
1336
1656
3308
1680
560
664
1604
184
540
968
-128
-284
1908
1452
1392
3056
2016
612
796
1612
316
344
1052
528
-744
1460
1416
1128
2936
2416
732
580
1312
800
52
760
904
-976
1368
1368
1476
2492
2816
856
412
1208
1444
-72
672
1256
-768
596
1528
1376
2180
3160
1148
372
936
1648
80
548
1096
-144
172
1656
1516
1756
3392
1608
464
764
1776
-164
576
1076
-148
-168
1656
1608
1484
2784
2008
704
720
1496
396
312
952
368
-736
1476
1704
1288
2524
2504
476
608
1336
900
368
584
904
-792
988
1736
1304
2516
2888
864
640
1084
1328
-64
804
1236
-680
740
1584
1532
1984
3180
1312
412
940
1532
-152
660
1264
-232
164
1672
1452
1676
3332
1636
644
604
1376
220
440
1044
128
-308
1640
1412
1364
3096
2060
356
448
1468
548
264
868
556
-752
1540
1256
1504
2836
2724
696
64
1464
832
304
980
768
-628
1040
1384
1560
2372
3168
824
304
1080
1152
296
796
1352
-848
548
1760
1268
2064
3276
1248
488
636
1636
-136
892
1268
16
204
1412
1308
1800
3392
2020
420
576
1584
196
620
1072
532
-236
1408
1392
1048
3204
2276
688
584
1280
364
224
996
832
-700
1312
1196
1116
2864
2868
796
300
1280
776
44
888
1192
-804
1172
1316
1280
2552
3276
1144
472
924
1152
-232
1052
1164
-248
612
1300
1172
1652
3456
1580
564
764
1328
-196
624
1156
132
28
1324
1020
1664
3412
1780
576
488
1392
96
520
1080
420
-348
1496
1328
1196
3228
2460
824
432
1368
104
300
1028
944
-636
1404
1256
1176
2852
2808
912
516
1364
828
4
920
1244
-616
1208
1276
1144
2340
3144
1268
592
1104
1128
-180
748
1336
-340
780
1648
1232
1920
3120
1608
732
756
1584
-228
524
1216
-120
388
1368
1180
1416
3200
1868
520
668
1468
64
648
760
520
-480
1604
1396
992
3136
2296
796
400
1524
368
264
872
824
-628
1516
1576
1152
2736
2556
796
532
1212
996
252
844
940
-796
1080
1532
1204
2300
3320
888
304
932
1312
-52
876
1100
-580
428
1456
1384
1800
3220
1364
364
756
1480
0
824
1108
-228
148
1508
1384
1640
3156
1788
572
488
1744
152
508
1120
164
-600
1628
1428
1476
3140
2240
676
384
1636
640
164
940
572
-660
1448
1344
1316
2972
2648
892
444
1280
980
92
916
1052
-636
908
1420
1364
2052
3248
932
508
1032
1044
32
804
1064
-496
500
1484
1004
2020
3240
1264
576
636
1664
-288
552
1220
-164
96
1684
1264
1676
3236
1676
720
804
1552
-16
476
1080
328
-184
1564
1584
1336
2836
2368
684
732
1552
284
388
988
752
-604
1520
1476
1324
2904
2488
652
596
1380
888
-40
648
784
-736
1256
1364
1320
2248
3104
960
748
1076
1092
28
460
988
-464
900
1612
1188
1796
3272
1172
560
1060
1372
-84
440
1156
-100
376
1964
1256
1420
3120
1716
568
1004
1584
16
548
888
192
64
1788
1344
1196
3048
2224
504
764
1496
72
492
564
656
-340
1640
1376
1072
2824
2504
828
484
1588
588
140
712
1008
-616
1372
1436
864
2692
2824
512
796
1172
1128
-192
592
1216
-680
1144
1272
1148
2320
2976
1264
776
1016
1332
-216
644
1208
-356
468
1596
960
1904
3272
1568
740
728
1568
-120
508
904
96
260
1528
1480
1252
3244
2016
532
652
1528
24
448
888
412
-284
1592
1196
1256
3120
2216
572
580
1548
288
304
584
816
-620
1396
1316
1280
2584
2576
828
616
1432
920
-200
772
1156
-640
1328
1400
1236
2176
3176
804
752
1172
1124
-28
480
1120
-240
804
1684
1312
2044
3480
1076
652
884
1452
-188
532
1148
-260
556
1452
1216
1700
3264
1656
448
688
1468
92
412
892
216
-348
1768
1028
1560
3188
1880
764
524
1556
196
368
1120
628
-572
1604
1344
1484
2864
2480
672
540
1224
724
160
1056
1076
-636
1672
1232
1228
2664
3236
964
444
1404
792
212
856
1204
-384
836
1592
1132
2272
3300
1028
672
788
1312
-152
896
1400
-468
492
1388
976
1632
3548
1564
660
548
1388
-324
628
1256
-140
180
1264
1152
1596
3296
1964
640
688
1528
-120
532
1200
584
-348
1444
1016
1336
3152
2300
800
472
1416
284
420
1032
868
-360
1436
1020
1208
2868
3004
856
384
1224
544
252
908
1256
-600
1176
1232
964
2664
3228
1100
428
868
740
-412
904
1452
-508
660
1096
1108
2056
3416
1396
536
736
944
-220
812
1456
-112
356
1128
1000
1868
3468
1808
416
592
1432
-80
984
1188
232
8
1356
1388
1488
3512
2128
612
536
1332
192
572
1128
692
-444
1472
1136
1296
3060
2388
856
428
1088
408
208
984
1008
-800
1372
1036
1360
2684
2800
988
420
1068
696
76
936
964
-708
1140
1324
1092
2040
3308
1148
780
852
1144
-76
1008
1124
-560
640
1408
1236
2024
3368
1324
584
800
1544
-252
840
1100
76
220
1464
1208
1648
3312
1456
632
684
1432
168
396
1064
376
-196
1568
1308
1344
3140
2260
540
524
1652
84
412
740
672
-316
1424
1296
1248
2772
2656
792
412
1532
588
168
728
1068
-536
1204
1380
1176
2532
3164
700
652
1132
888
88
892
1172
-500
872
1288
1184
2060
3472
1084
684
1040
1272
-44
636
1236
-188
392
1596
1056
2008
3108
1388
620
464
1692
-272
612
1224
84
-28
1416
1348
1556
3272
2036
320
600
1364
112
540
1064
616
-696
1484
1224
1452
3024
2424
584
492
1444
408
408
920
988
-780
1296
1436
1084
2952
2752
988
592
984
1000
-232
952
1228
-468
1212
1012
1204
2336
3300
1012
424
1160
1132
-188
892
1124
-232
724
1260
1224
1692
3564
1292
600
820
1132
-332
408
1020
128
148
1344
1000
1684
3244
1768
760
504
1552
-268
448
1148
404
-104
1660
1208
1156
3056
2184
764
696
1476
12
116
1300
596
-332
1648
936
1388
2816
2972
748
644
1352
544
84
860
1144
-596
1364
1272
1104
2420
2940
840
692
828
1284
-224
844
1328
-596
1180
1192
1096
2024
3456
1188
512
812
1168
-348
772
1408
-404
408
1448
1144
1704
3348
1672
844
640
1308
-336
456
1140
536
16
1740
1120
1504
3252
2052
712
688
1648
-84
236
1192
708
-148
1452
1244
1156
3064
2436
768
868
1276
404
124
976
1028
-576
1380
1140
1204
2708
2732
1072
672
996
756
-304
700
1340
-632
1000
1228
964
2260
3268
1120
648
952
1208
-324
804
1088
-360
856
1324
1096
1904
3192
1444
788
844
1668
-428
688
1012
32
376
1836
1076
1764
3264
1876
624
480
1764
-240
740
1100
292
-128
1448
1424
1432
3224
2248
632
476
1408
192
212
884
744
-524
1592
1328
960
2692
2848
644
596
1084
496
-76
776
1156
-700
1088
1428
1004
2604
2952
740
676
1012
1268
-220
696
1348
-512
864
1492
1164
2164
3452
1144
716
752
1728
-216
692
1540
-480
456
1572
1144
1948
3212
1504
640
532
1672
-12
584
992
164
-156
1920
1056
1452
3304
1896
836
376
1588
176
304
864
588
-500
1612
1180
1020
3128
2292
728
780
1424
580
-68
1064
1188
-764
1308
1128
1204
2584
3032
896
788
1160
724
56
816
1236
-624
1096
1340
1176
2088
3272
1160
684
872
1272
-396
892
1360
-280
588
1480
1092
1976
3368
1408
680
464
1600
-180
672
1260
-212
188
1480
1036
1552
3420
1760
820
304
1532
64
312
1248
572
80
1592
964
1280
3160
2440
764
548
1452
92
256
768
1016
-580
1444
1292
1096
2944
2976
848
700
1196
628
176
920
1456
-600
1392
1112
1100
2544
3224
1208
456
964
976
-208
700
1092
-460
888
1572
980
1792
3272
1216
764
764
1088
-336
396
1140
-172
504
1552
896
1624
3328
1660
740
532
1492
-100
484
972
304
-104
1804
1204
1260
3232
1928
732
724
1648
236
320
956
640
-436
1572
1392
1232
3032
2412
792
572
1336
636
4
888
824
-640
1504
1128
1184
2524
2756
1128
440
1084
944
-76
924
1180
-780
1068
1340
1020
2232
3216
888
668
812
1220
-216
720
1432
-624
752
1632
1148
1976
3140
1508
568
692
1596
-328
824
1136
140
140
1504
1248
1596
3336
1632
728
564
1864
88
416
864
408
-172
1604
1324
1248
3200
2392
716
528
1384
340
296
888
736
-604
1544
1324
1036
2888
2724
716
520
1304
524
-48
760
1068
-628
1228
1304
1024
2476
3144
984
664
1012
1200
-196
748
1272
-408
756
1448
852
2108
3596
1212
700
936
1496
-88
540
1300
-188
520
1544
1096
1952
3320
1668
764
592
1644
-100
536
1232
320
-24
1424
1192
1228
3444
2220
560
664
1300
280
196
952
776
-556
1660
988
1392
3152
2500
668
616
1316
600
196
844
1032
-836
1124
1148
1208
2760
3040
880
500
1012
848
152
816
1152
-576
1100
1352
996
2280
3424
1392
736
796
1140
-124
876
1408
-244
736
1416
1048
2068
3536
1532
720
860
1148
-272
432
1608
188
236
1472
992
1256
3356
1900
848
780
1228
-108
464
1296
472
-304
1560
1064
1188
3260
2300
792
464
1432
200
344
1044
904
-356
1632
1092
1104
2984
2660
1144
452
1232
704
-144
976
1060
-632
1268
1084
1168
2528
3004
952
456
1344
964
-216
952
1356
-684
796
1468
1380
2008
3128
1504
652
752
1328
-292
908
988
-344
624
1648
1060
1532
3464
1576
732
900
1628
-204
212
1144
160
96
1452
1160
1300
3128
2324
652
604
1236
64
504
1032
624
-512
1756
1180
1324
3124
2608
772
472
1484
584
64
800
1172
-596
1468
1304
1164
2720
2816
1112
368
1256
896
-124
788
1040
-508
968
1396
996
2084
3308
1244
724
688
1236
-296
724
1320
-680
800
1480
1032
1908
3092
1560
484
836
1704
-248
780
1148
72
324
1296
1412
1508
3160
2120
436
864
1596
-52
428
1004
348
-100
1636
1212
1344
3252
2276
676
624
1588
608
80
940
884
-492
1368
1268
1248
2456
2724
856
624
1468
696
-200
736
1184
-676
1300
1180
1128
2212
3008
1040
584
936
1240
-136
708
1072
-492
868
1436
1260
1764
3124
1572
444
1028
1276
-204
860
916
152
420
1636
1324
1392
3244
1764
800
760
1752
24
372
976
340
20
1336
1272
1372
3040
2228
748
628
1572
304
96
680
644
-164
1400
1380
904
2768
2904
696
560
1140
748
28
900
1000
-620
1184
1208
1180
2428
2984
1096
372
1244
1236
-208
868
1088
-356
944
1256
1020
2128
3276
1612
360
1136
1496
-376
636
1056
124
488
1388
1284
1604
3516
1776
624
816
1460
-208
308
1204
256
-176
1552
1088
1272
3176
2040
596
520
1524
72
284
968
704
-380
1364
1216
1260
2912
2396
668
512
1452
604
52
788
996
-516
1236
1384
1068
2420
3212
1036
492
1140
1068
24
884
1124
-440
1208
1496
1052
2172
3240
1216
572
1108
1332
-116
448
1260
-64
560
1572
1104
2020
3216
1684
624
684
1760
-128
744
944
-44
-24
1532
1340
1420
3160
1980
480
604
1628
380
320
912
532
-364
1612
1168
1224
2904
2464
824
304
1480
632
216
1116
672
-656
1344
1268
1128
2556
2932
680
460
1316
1108
148
784
1128
-728
1092
1520
1328
2228
3104
988
456
1028
1564
12
616
1184
-552
596
1508
1108
2044
3292
1492
456
644
1712
-148
640
828
-208
40
1732
1320
1388
3236
1648
624
312
1812
124
600
932
580
-568
1520
1380
1444
3164
2148
544
144
1692
744
216
956
496
-660
1436
1312
1420
2736
2700
692
584
1484
884
156
720
908
-672
1180
1684
1048
2256
3120
784
900
692
1512
-260
652
1216
-676
652
1564
1144
1916
3100
1172
412
716
1564
-108
984
792
-84
372
1548
1444
1652
3304
1488
660
548
1812
76
392
1044
340
-344
1740
1380
1504
3204
2160
644
556
1592
312
400
952
724
-560
1432
1264
1300
3000
2692
600
480
1392
832
220
716
1020
-536
1028
1584
1188
2620
3208
644
584
1040
1124
20
560
1048
-548
760
1264
1304
2196
3192
1172
744
748
1384
-112
812
1256
-520
472
1624
1272
1652
3392
1728
620
520
1616
-56
720
1040
108
44
1712
1200
1500
3256
1932
732
636
1672
124
460
1116
424
-412
1744
1012
1388
2864
2460
920
452
1420
384
328
956
816
-652
1404
1408
812
2608
2936
1008
380
1108
832
40
788
1084
-696
1128
1268
888
2524
3244
976
672
932
1276
-232
844
1296
-412
720
1272
1192
1896
3456
1436
516
928
1400
-224
796
1140
-112
196
1648
1040
1832
3500
1712
812
452
1728
16
520
864
292
-296
1596
1136
1368
3384
1968
468
432
1424
400
360
948
560
-536
1320
1244
1232
2960
2664
480
472
1348
444
160
736
1120
-600
1072
1504
1096
2744
3008
928
760
1208
784
52
848
1324
-572
1052
1408
1248
2344
3312
1132
664
1064
1156
-76
520
1408
-264
452
1632
896
1880
3400
1412
776
724
1168
-204
468
1232
128
136
1644
1124
1444
3452
1728
600
960
1332
92
236
1148
476
-496
1464
1228
1316
