# meta_json={"schema_version":4,"record_id":"20260928T181019_0800_fanA_r001","data_role":"formal","source_type":"real","device_id":"fanA","device_type":"fan","session_id":"fanA_rig01_9V_20260928","acquired_at":"2026-09-28T18:10:19+08:00","observed_condition":"baseline","target_label":"normal","label_basis":"controlled_injection","label_confidence":"confirmed","fault_level":0,"tape_count":0,"measurement_axis":"X","reference_gravity_axis":"Y","reference_gravity_sign":"+1","fixture_id":"rig01","sensor_module_id":"mpu01","sensor_mount_id":"fan_frame_top_left","installation_orientation_id":"x_measure_y_gravity","calibration_id":"uncalibrated","voltage_set_v":9.0,"firmware_build_id":"6db13e6","notes":"仅从6V改为9V；全部紧固且无胶带","fs_config_hz":1000,"window_samples":1024,"window_nominal_ms":1024.0,"capture_samples":20480,"capture_nominal_ms":20480.0,"afs_code":0,"frames":20,"first_seq":1,"last_seq":20,"lost_frames":0,"sample_id_gaps":0,"capture_mode":"fifo_continuous"}
2432
2232
-20
1912
1076
40
196
1316
-300
192
1444
2196
1072
2204
2580
428
1508
1028
324
4
1180
304
-180
712
2372
964
2052
2632
1064
616
1732
508
-4
1148
500
-144
440
1912
1400
1916
2556
1628
104
1792
776
44
920
1072
-548
152
1796
1604
1684
2332
2204
-80
1644
1172
116
400
1452
-204
16
1400
2116
1168
2448
2364
380
1144
1160
280
112
1624
-48
-76
500
2216
1256
2204
2692
748
420
1712
696
-212
1212
412
-356
540
2144
1088
2000
2388
1596
136
1708
624
92
968
1008
-256
-24
1884
1576
1524
2164
2488
-128
1812
1044
164
512
1212
-176
28
1512
2104
1124
2416
2520
236
1316
1248
504
80
1452
128
-164
1172
2156
1164
2284
2464
848
696
1620
616
-136
1144
480
-296
548
2344
1048
1932
2204
1496
164
1752
648
-8
1116
764
-452
296
2076
1560
1556
2544
2160
100
1856
864
336
352
1148
-208
136
1652
1876
1496
2564
2456
248
1308
1368
136
4
1276
-96
16
904
2432
960
2424
2344
440
952
1480
504
-52
1192
96
-336
460
2536
1000
2092
2480
1004
440
1696
672
160
944
532
-304
348
2128
1540
1868
2532
1748
-76
1764
992
280
428
1180
-460
104
1908
1596
1640
2324
2100
144
1576
1300
276
304
1256
-296
-68
1292
2420
1148
2384
2572
336
1196
1568
572
40
1496
-236
-148
932
2176
1308
2180
2404
852
608
1648
592
96
892
408
-380
520
2512
1124
2148
2224
1632
60
1972
988
-76
1016
808
-280
368
2120
1528
1796
2376
2092
52
1788
1000
344
492
1112
-184
108
1640
2116
1264
2408
2380
168
1748
1104
584
-72
1536
-36
-80
1240
2020
1028
2316
2488
552
1032
1448
460
76
1264
120
-200
532
2580
840
2256
2436
1112
548
1600
568
-80
1096
576
-264
436
2128
1176
1980
2532
1708
112
2004
704
72
856
1148
-340
204
1840
1636
1488
2428
2304
-56
1812
928
44
444
1336
-212
148
1348
2092
1268
2516
2536
264
1488
1080
432
8
1380
-28
-132
912
2304
1008
2448
2380
824
856
1476
388
-144
1440
44
-64
588
2436
1040
2136
2492
1436
372
1836
584
-44
1128
540
-348
292
2248
1300
2004
2472
1948
28
1888
760
296
932
1032
-152
-56
2024
1396
1800
2568
2328
-196
1496
1092
476
784
1256
-396
-96
1384
2136
1304
2360
2520
-52
1096
1332
428
184
1456
-76
-208
852
2340
1312
2488
2344
640
760
1412
692
76
1504
88
-484
496
2572
1160
2116
2388
1340
128
1716
692
168
1292
560
-244
160
2332
1416
1956
2532
1760
0
1720
888
236
828
900
-448
204
1836
1880
1624
2388
2452
-232
1660
1084
240
296
1312
-312
-84
1176
2324
1272
2356
2300
52
1540
1080
716
28
1300
-88
-476
1112
2436
1248
2368
2508
716
668
1824
540
144
1308
200
-220
576
2272
1224
2084
2548
1384
232
1928
884
28
1032
632
-148
132
2440
1560
1980
2516
1708
88
1888
904
224
564
968
-568
132
2028
1704
1596
2424
2184
152
1472
992
312
324
1292
-472
-188
1240
2236
1220
2424
2468
120
1364
1420
580
-180
1368
20
-72
932
2064
1120
2428
2648
860
724
1708
468
80
1384
368
-164
388
2460
988
2108
2504
1504
316
1852
792
-36
1024
768
-200
228
2144
1412
1944
2516
1804
80
1768
868
96
736
864
-304
20
1624
1744
1296
2472
2096
-72
1560
1100
232
236
1276
-168
-84
1300
2140
1260
2440
2224
396
1356
1328
332
32
1328
204
-132
1060
2380
1044
2496
2460
968
560
1728
560
84
1124
232
-124
360
2408
1256
1940
2680
1200
344
1868
812
-100
792
1020
-516
372
2164
1144
1952
2476
1940
76
1636
736
-72
692
1116
-356
216
1592
1772
1512
2224
2348
48
1348
936
100
272
1352
-44
68
1236
2148
1200
2280
2652
336
1136
1224
460
64
1692
-28
-136
840
2228
1180
2296
2660
836
840
1456
624
24
1340
364
-164
508
2320
928
2160
2668
1440
196
1656
684
-96
1036
892
-500
20
1980
1380
2080
2476
1912
-96
1660
700
252
856
1120
-436
-152
1484
1880
1476
2472
2504
12
1344
956
452
368
1484
-236
-128
1008
2092
1408
2552
2744
256
1124
1252
548
344
1536
40
-248
840
2380
1136
2320
2652
756
536
1612
368
96
1208
464
-336
300
2276
1076
2120
2544
1396
112
1748
908
-164
1004
860
-376
160
1912
1380
1700
2528
2080
-236
1764
944
264
840
1092
-92
-68
1608
2100
1420
2360
2544
76
1616
1028
344
540
1332
-64
-188
1132
2256
1076
2556
2560
572
956
1332
464
12
1236
-8
-216
724
2368
1176
2336
2624
900
576
1544
812
-132
1232
424
-280
324
2148
1280
1980
2756
1676
76
1620
648
8
1092
808
-344
92
1856
1760
1800
2332
2084
96
1504
1296
112
544
1232
-220
64
1432
2168
1356
2388
2536
244
1400
1268
548
212
1312
20
-220
1252
2492
1256
2040
2540
632
824
1668
448
16
1040
324
-300
620
2320
1084
2304
2376
1204
36
1704
812
-148
1044
644
-556
268
2052
1560
1904
2356
1780
56
1596
1008
104
792
956
-420
136
1804
1848
1508
2420
2584
-40
1560
1216
260
504
1368
-64
-156
1300
2084
1376
2228
2476
652
852
1440
528
80
1348
8
-372
696
2248
1172
2084
2656
1096
352
1600
792
-48
1292
412
-280
52
2172
1420
1896
2528
1628
196
1668
676
24
936
1016
-292
84
1996
1748
1628
2288
2248
-136
1644
1188
156
600
1276
-208
-196
1524
2080
1376
2492
2448
252
964
1536
420
260
1344
-120
-168
964
2236
1296
2340
2472
744
408
1620
596
20
1064
316
-324
436
2212
1348
1892
2412
1428
84
1684
988
-52
1016
964
-452
204
2212
1500
1700
2236
1996
108
1620
1092
4
656
1120
-364
128
1628
2228
1276
2280
2648
232
1320
1248
332
224
1416
-60
-152
1136
2248
1172
2216
2440
680
752
1696
400
40
1244
280
-204
612
2292
1024
1980
2500
1320
524
1596
812
-220
924
628
-264
452
2124
1384
1564
2452
2084
80
1872
1052
32
312
1052
-212
408
1704
1704
1216
2236
2492
280
1492
1236
208
152
1384
36
-72
1076
2176
1056
2172
2540
672
800
1664
336
-216
1444
192
-48
692
2200
968
2188
2508
1364
340
1808
836
-320
1076
672
-156
232
1924
1352
1600
2528
2008
-32
1924
776
56
592
888
-180
-4
1796
1800
1180
2224
2356
128
1496
1064
268
76
1496
-116
-8
1332
2076
1380
2248
2516
476
1156
1692
376
116
1068
160
-100
428
2696
1028
2100
2440
1096
724
1828
608
-276
1000
648
-120
336
2252
1240
1644
2204
1912
76
1788
836
-36
624
1084
-524
172
1924
1580
1524
2192
2380
8
1800
1116
56
292
1232
-56
44
1276
2052
1188
2400
2484
420
1300
1384
540
112
1504
20
-212
856
2388
988
2368
2364
924
440
1920
712
-12
1216
484
-296
304
2364
1152
1964
2340
1660
32
1912
960
-44
640
848
-140
216
1880
1528
1508
2352
2232
-16
1692
808
376
400
1328
-208
-140
1624
1900
1284
2408
2676
164
1132
1248
444
376
1396
4
0
848
2456
1084
2400
2624
792
688
1660
684
-108
1140
248
-60
448
2548
1228
2044
2424
1572
-16
1816
836
12
876
728
-376
56
2164
1496
1676
2344
1916
-28
1776
820
304
432
1172
-356
-12
1704
1872
1420
2312
2292
96
1264
1392
480
172
1484
-280
-84
1132
2216
1268
2184
2476
668
664
1664
796
-176
1388
216
-160
544
2464
1140
2336
2396
1300
216
1800
780
112
1116
500
-392
244
2212
1408
1796
2428
2020
-296
1648
1060
172
584
992
-196
-252
1420
2092
1336
2468
2260
-76
1396
1216
360
448
1484
-84
-48
996
2316
1164
2468
2416
668
736
1516
380
64
1260
184
-220
368
2640
1100
2272
2404
1024
516
1652
868
-4
1144
664
-440
348
2288
1344
1964
2440
1656
-96
1876
984
44
600
920
-468
180
1736
1896
1656
2184
2148
104
1540
1248
328
76
1464
-360
-136
1312
2288
1092
2272
2404
308
1044
1320
672
248
1472
-4
-304
696
2564
1464
2316
2512
904
336
1784
872
196
1136
552
-512
344
2504
1304
2188
2320
1448
40
1616
1172
20
784
940
-552
36
1968
1656
1696
2212
2292
-304
1832
844
372
552
1248
-264
-352
1652
1964
1516
2240
2264
180
1216
1524
524
264
1352
-88
-256
1104
2456
1112
2136
2364
828
700
1756
884
-96
1088
312
-428
688
2204
1580
1940
2208
1552
8
1852
776
-56
952
720
-324
100
2128
1632
1448
2332
2140
-60
1680
1060
316
364
1408
-380
-16
1444
2084
1500
2296
2432
-44
1280
1216
356
296
1340
-168
-104
660
2300
1208
1976
2636
732
764
1472
620
288
1280
304
-276
420
2468
1140
2156
2748
1424
140
1712
716
84
1076
744
-80
104
2056
1480
1856
2280
1816
84
1576
1072
216
404
1292
-308
8
1604
1844
1384
2356
2392
8
1240
1256
324
120
1300
-16
-192
1040
2268
1120
2244
2500
648
804
1620
840
-92
1312
244
-160
668
2456
1240
1948
2584
1312
292
1932
788
56
1004
688
-112
260
2244
1248
1624
2316
2296
-36
1828
844
-4
716
1128
-248
-76
1772
1704
1452
2260
2416
180
1396
1176
204
144
1304
160
-200
1248
2192
964
2328
2452
676
732
1640
368
-96
1316
212
-200
444
2288
1192
2168
2392
1508
296
1680
792
-120
996
1056
-364
140
1956
1448
2044
2604
2248
-60
1664
804
200
624
1132
68
32
1476
1996
1236
2480
2468
160
1456
980
224
252
1468
-16
-164
792
2404
1048
2308
2580
760
856
1340
388
28
1380
296
-360
536
2356
1204
2212
2612
1604
104
1836
652
-24
1132
668
-320
184
2092
1508
1716
2476
2236
-24
1672
896
260
592
1308
-344
-16
1300
2116
1292
2420
2572
172
1432
1008
480
108
1436
32
-292
912
2320
1032
2252
2648
636
692
1532
352
72
1172
520
-272
392
2244
1156
2220
2256
1604
-20
1876
872
76
1056
896
-236
-60
1856
1652
1796
2580
2256
-44
1712
1112
240
448
1492
-208
16
1512
1988
1448
2280
2624
352
1184
1268
412
48
1296
136
-32
808
2388
912
2264
2536
1048
636
1584
844
-220
1104
604
-276
492
2288
1108
1884
2424
1864
184
1804
656
-148
612
992
-104
92
1844
1588
1564
2272
2612
-100
1588
1092
160
476
1208
-96
-36
1172
2344
944
2416
2728
488
1028
1364
544
-4
1460
284
-196
836
2332
944
2184
2524
1368
364
1616
616
-24
916
740
-152
192
2080
1300
1792
2268
2080
-32
1668
876
-72
616
1100
-88
-72
1576
1760
1308
2560
2320
116
1496
1248
244
92
1280
0
44
1176
2152
1052
2360
2500
1052
884
1572
724
-252
1364
360
-176
696
2352
1156
2084
2496
1500
400
1920
1072
-296
1016
656
-84
136
2016
1824
1604
2292
2328
8
1376
1160
212
516
840
-116
-188
1556
2068
1104
2256
2300
320
1328
1300
500
-44
1280
296
-60
812
2448
1208
2116
2516
940
552
1680
852
-100
1180
508
-308
552
2284
1548
1748
2464
1976
80
1648
1304
72
576
1028
-280
56
1920
1648
1616
2472
2284
172
1352
1500
404
240
1152
-168
-332
1176
2380
1272
2132
2352
656
748
1780
764
0
1228
420
-264
656
2448
1168
1836
2272
1388
320
1968
856
32
924
604
-152
104
2124
1736
1540
2256
2028
12
1748
1420
388
92
1068
68
-132
1496
2096
1320
2308
2200
304
1160
1692
732
56
1160
128
-152
768
2520
1176
1948
2216
1216
532
1668
896
-240
868
660
-172
312
2060
1448
1560
2600
1860
8
1768
1136
-116
372
1104
-132
32
1588
1944
1496
2104
2596
228
1472
1456
324
192
1272
160
-192
976
2488
1128
2084
2536
916
748
1712
724
-228
1260
368
-188
268
2356
1468
1716
2352
1776
224
1700
1032
-16
712
776
-348
16
2024
1708
1432
2268
2420
-212
1500
1056
232
40
1360
8
-228
1124
2100
1336
2344
2436
556
744
1684
576
-8
1328
432
-88
388
2340
1396
1924
2484
1580
300
1848
724
-164
1100
724
-212
116
1944
1672
1460
2152
2484
-48
1444
1072
196
476
1136
-192
-84
1320
2176
980
2188
2512
308
1064
1488
692
-96
1192
148
-52
552
2452
1384
1940
2244
1400
184
1964
1020
-96
952
480
-268
376
2144
1696
1724
2300
2340
-300
1944
1076
20
632
1028
-152
0
1708
2252
1232
2120
2564
312
1100
1416
680
-88
1292
-64
-160
920
2304
1112
2080
2264
1056
512
1584
920
-320
976
652
-284
244
2212
1336
1720
2252
1736
-128
1848
996
108
480
1120
-124
88
1768
2004
1464
2076
2548
-32
1588
1180
572
128
1252
152
-192
1112
2296
1236
2140
2444
1040
760
1664
844
-72
1388
308
-176
312
2348
1408
1868
2332
1636
68
1732
964
4
660
888
-352
-96
1832
1848
1400
2244
2340
-8
1696
1144
200
172
1276
-20
-212
1172
2236
1152
2224
2364
680
708
1492
744
-56
1228
456
-152
568
2528
1164
1900
2612
1436
464
1788
796
-56
860
1072
-220
124
1944
1628
1844
2244
2316
-104
1696
1124
260
480
1256
-180
-228
1192
2088
1352
2200
2524
416
920
1540
696
120
1432
44
-344
768
2208
1248
2024
2344
1208
108
1732
800
-16
1064
668
-288
32
2060
1612
1656
2432
1972
-36
1580
888
396
532
1456
-388
4
1720
1908
1424
2120
2672
232
1276
1312
440
280
1500
120
-228
792
2416
1080
2300
2180
1108
372
1628
992
-124
1172
476
-416
352
2192
1324
1908
2496
1832
92
1804
828
276
776
1236
-380
-72
1664
1756
1648
2372
2328
-120
1204
1260
668
532
1364
-48
-428
968
2484
1240
2408
2528
496
652
1708
856
36
1356
232
-500
488
2444
1464
2168
2108
1564
20
1860
1016
216
824
868
-368
-132
2092
1660
1564
2256
2244
-304
1720
1028
620
280
1040
-392
-312
1456
2176
1352
1996
2236
412
896
1488
908
52
1280
144
-280
800
2464
1224
1976
2292
1060
372
1940
1104
12
936
536
-252
424
1992
1440
2016
1984
2156
8
1908
1204
192
536
1172
-76
-108
1544
2252
1040
2244
2308
200
1660
1196
552
-148
1224
-20
8
1040
2332
1072
2060
2260
1024
532
1652
760
-88
1172
404
-244
496
2404
1316
1856
2344
1768
-60
1964
972
172
580
1204
-208
60
1976
1672
1612
2304
2352
-96
1544
1248
336
136
1316
36
-188
1176
2324
1072
2384
2496
584
936
1464
636
-28
1372
152
-288
536
2348
1224
2060
2176
1348
348
1700
920
-140
804
748
-312
260
2044
1596
1628
2252
2236
-140
1844
1124
344
596
968
-72
-144
1444
2376
1276
2460
2400
320
1292
1348
744
52
1468
-96
-336
896
2480
1408
2164
2564
860
312
1768
856
80
984
412
-276
452
2304
1548
1808
2136
1836
-48
1920
1108
-84
664
892
-144
-36
1792
1912
1440
2324
2380
84
1516
1308
524
100
1404
-188
-56
1140
2264
1132
2292
2436
568
876
1564
676
16
1264
512
-248
624
2352
1304
1920
2456
1584
352
1940
728
32
876
724
-300
12
2068
1412
1580
2224
2148
-124
1564
1332
180
248
1152
-148
-36
1132
1904
1228
2444
2644
288
1008
1476
436
60
1400
176
-208
632
2252
1176
2072
2636
1104
572
1572
780
24
1220
828
-272
36
2344
1204
1908
2440
2028
252
1628
932
-44
672
1432
-264
92
1664
1944
1344
2236
2792
-44
1536
1028
320
416
1284
60
-272
976
2180
812
2236
2652
688
672
1288
728
28
1300
384
-408
460
2292
1176
2076
2224
1600
28
1784
920
72
972
716
-36
96
1976
1668
1836
2384
2200
24
1584
1112
328
532
1408
-40
-160
1460
2200
1172
2372
2520
304
1200
1256
572
-44
1280
104
-32
824
2140
1120
2216
2568
1224
532
1792
640
-12
1016
648
-228
260
2176
1260
1732
2280
2104
-16
1668
816
20
560
1180
-28
-168
1680
1896
1432
2388
2448
-64
1616
1236
216
380
1292
16
-24
944
2180
1224
2268
2500
896
660
1416
656
20
1180
496
-244
236
2268
1240
1976
2444
1572
112
1848
852
-36
868
876
-384
128
1952
1572
1604
2192
2312
-32
1500
1140
328
268
1388
-292
-160
1252
2132
1264
2276
2564
268
956
1300
464
120
1432
188
-76
596
2652
1008
2212
2576
1184
256
1788
1052
-68
1212
804
-332
252
2116
1612
2064
2168
1952
-224
1692
1248
240
612
1092
-492
-100
1584
2180
1428
2092
2284
-44
1452
1192
388
260
1256
12
-312
980
2376
1020
2032
2312
896
684
1616
680
-192
1300
408
-68
492
2308
1296
1824
2392
1728
188
1984
1012
-44
720
1000
-40
160
2056
1640
1692
2052
2232
68
1544
1320
224
328
1028
-168
200
1332
2160
1080
2044
2560
576
1112
1576
508
-144
1248
228
-248
584
2276
944
2260
2292
1568
76
1928
888
-272
1088
612
-244
512
2252
1364
1564
2156
2236
-76
1668
1024
252
560
1300
-84
-120
1772
1972
1448
2416
2480
208
1376
1384
632
136
1344
76
-184
784
2368
1092
2276
2552
876
680
1692
752
-160
1120
492
-276
200
2308
1320
1776
2356
1780
32
1768
980
-8
596
880
-176
132
1636
1788
1460
2208
2496
8
1620
1176
312
176
1312
0
72
1300
2260
1368
2176
2564
644
936
1544
528
-92
1320
168
-68
528
2612
1344
2044
2308
1464
92
1872
1060
56
1180
820
-360
24
2024
1700
1748
2324
2060
-56
1648
1052
320
516
1296
-284
-292
1268
2080
1344
2124
2496
232
1264
1420
596
72
1408
-144
-144
696
2284
1424
2072
2496
1300
300
1952
792
12
1280
416
-332
200
2272
1548
1732
2408
1976
88
1716
1012
320
656
1104
-456
-52
1956
1788
1360
2380
2488
20
1508
1160
556
144
1032
24
-292
1052
2224
952
2216
2280
844
708
1580
688
-224
1464
312
-296
520
2288
1344
1796
2404
1636
84
1832
896
116
852
864
-208
108
1988
1576
1676
2268
2220
-212
1796
1436
100
480
1216
-160
-108
1388
2148
1340
2212
2472
320
1068
1564
592
40
1316
28
-184
740
2544
1152
2048
2324
1112
444
1644
824
-268
1108
468
-276
556
2160
1484
1776
2140
2060
208
1572
1300
-28
632
1100
-44
108
1656
1884
1328
2332
2464
180
1596
1320
380
124
1120
-28
-124
1400
2224
916
2060
2364
940
804
1580
732
-88
1048
484
-40
708
2388
1064
1912
2356
1596
140
1940
876
-216
720
864
-80
140
1740
1416
1516
2324
2260
176
1656
1168
160
240
1156
-180
88
1492
2016
1136
1996
2512
520
1264
1504
444
0
1472
296
-76
708
2520
1068
1936
2464
1408
636
1792
744
-200
1172
476
-88
352
2396
1224
1628
2432
1796
332
1716
944
-16
312
1188
-48
-268
1644
1716
1604
2256
2244
128
1424
1364
328
72
1352
-184
16
1124
2200
1140
2032
2708
756
644
1616
800
-124
1276
488
-432
412
2492
1296
2016
2236
1484
52
1744
900
-36
960
952
-404
336
1856
1856
1604
2188
2348
16
1860
1324
212
300
1412
-192
-168
1404
1968
1412
2192
2420
424
852
1620
500
68
1364
164
-360
608
2436
1056
2252
2436
1160
296
1444
996
24
1092
696
-620
400
2024
1540
1944
2428
1904
-272
1648
1248
256
736
1140
-212
-232
1704
2020
1672
2440
2372
112
1380
1440
620
280
1348
20
-272
1044
2440
1160
2424
2224
912
628
1660
848
-180
1196
52
-320
440
2304
1312
1760
2420
1668
20
1848
1084
-68
704
912
-112
168
1908
1636
1304
2224
2240
64
1564
1324
336
128
1204
-156
-24
1344
2184
1196
2200
2452
572
1156
1720
660
-280
1072
440
-220
788
2368
936
1984
2372
1432
380
1792
916
-392
1044
608
-172
144
2172
1752
1572
2132
2048
168
1784
1200
68
408
848
-360
132
1460
2152
1220
1936
2548
308
1160
1456
628
-220
1200
-16
-208
948
2188
1264
1860
2228
1204
600
1708
824
-324
1180
668
-336
412
2140
1448
1780
2292
2080
-72
1732
1064
172
748
880
-124
-160
1888
1936
1320
2224
2204
248
1504
1192
512
44
1236
-128
-44
1144
2280
1132
1944
2608
800
456
1564
872
-36
1040
428
-268
424
2396
1336
1976
2400
1700
32
1756
1088
-192
964
900
-164
8
1796
1756
1596
2320
2220
196
1416
1236
356
164
1444
104
-336
1280
2160
1304
2208
2492
532
1076
1452
624
64
1088
172
-300
692
2224
1304
1800
2288
1516
152
1740
1012
-168
912
636
-316
292
2048
1604
1636
2264
2096
244
1476
1364
72
408
1164
24
16
1412
2248
1124
2280
2432
392
856
1560
632
56
1200
212
-104
776
2412
1176
1964
2484
1040
336
1772
1036
-48
880
740
-320
228
2212
1560
1544
2476
1908
196
1532
1024
44
520
1152
-328
-44
1620
1932
1204
2272
2316
496
1052
1376
488
140
1280
132
-44
928
2172
1112
1940
2612
1248
500
1568
736
-200
1236
692
-272
392
2088
1492
1696
2436
2052
-72
1720
1040
-108
800
884
-104
132
1432
2092
1220
2256
2612
260
1408
1368
492
-8
1184
412
-124
900
2248
1100
2044
2424
1152
532
1788
624
-388
1284
696
-328
304
2208
1344
1752
2320
1736
336
1572
1084
136
660
1164
-108
12
1840
2084
1188
2216
2412
280
1376
1536
576
96
1276
220
-60
976
2332
1028
2004
2760
1172
684
1620
548
-44
1104
932
-436
648
2176
1220
1968
2152
1884
148
1584
1084
-120
728
1076
-228
-160
1660
1936
1328
2424
2344
232
1232
1288
412
160
1368
80
-212
1036
2284
1028
2264
2572
1008
556
1864
688
-48
1252
652
-96
480
2240
1308
1900
2424
1924
84
1608
1156
-184
736
1016
-164
-8
1596
1904
1312
2344
2332
240
1340
1236
348
120
1212
196
-316
736
2332
1224
2204
2424
628
628
1868
820
-36
1256
616
-404
388
2344
1380
1908
2460
1864
-24
1620
1108
272
768
852
-100
-12
1868
1940
1256
2580
2192
144
1364
1276
812
108
1376
60
-352
1180
2188
1424
2092
2304
900
512
1832
596
132
1164
376
-392
52
2488
1484
1884
2360
1456
44
1608
1116
52
508
1108
-380
40
1652
1848
1396
2204
2432
88
1500
1244
428
264
1172
4
-168
1104
2360
1172
2116
2596
888
576
1900
764
100
1112
540
-16
232
2280
1392
1812
2248
1856
4
1836
896
20
692
848
-260
140
1584
1920
1216
2136
2280
300
1272
1452
336
-96
1484
-24
-212
908
2000
1104
1996
2412
1072
608
1756
660
-120
1168
496
64
212
2360
1468
1792
2176
1768
64
1864
1248
-132
780
1012
-176
88
1644
2052
1276
2312
2664
92
1452
1220
424
424
1220
152
-312
908
2196
1152
2120
2260
1188
412
1568
816
-224
1004
208
-292
492
2312
1492
1816
2288
1724
32
1660
1368
60
328
1128
-404
160
1516
2016
1348
2292
2232
168
1320
1292
704
-28
1328
124
-188
848
2556
1056
2132
2360
860
604
1668
864
-48
1092
484
-184
340
2468
1380
1692
2200
1944
116
1900
1184
148
424
920
-172
80
1604
2232
1208
2252
2132
332
1528
1488
560
-204
1284
56
-292
1016
2420
1236
1892
2360
1000
532
1656
1012
-108
944
476
-280
168
2356
1644
1580
2432
1652
256
1812
1236
272
420
1136
-364
124
1528
2212
1280
1940
2356
400
1260
1548
540
100
1164
176
-268
1080
2500
1128
1940
2236
1088
368
1796
1148
-352
860
436
-396
396
2172
1756
1356
2200
1932
-76
1908
1008
140
376
1064
-176
140
1512
2192
1124
2116
2596
484
1188
1452
660
36
1252
388
-24
936
2592
996
1852
2564
1288
436
1744
1084
-224
1016
800
-320
388
1976
1720
1476
2144
2136
108
1692
1308
148
312
1028
64
68
1400
2148
1072
2296
2384
532
980
1628
776
-264
1208
268
-112
844
2312
1172
1764
2304
1464
216
1780
1024
-44
896
604
-32
72
2096
1740
1360
2356
2232
-116
1644
1224
320
144
1212
20
-16
1260
2236
1236
2292
2256
672
972
1672
724
-156
1140
316
-236
564
2268
1208
1724
2372
1504
248
1808
1108
-200
668
1000
-92
-80
1832
1804
1316
2204
2380
-164
1424
1272
404
304
1236
-36
-96
1240
2136
1428
2004
2496
704
656
1620
848
-240
1244
684
-360
380
2252
1472
1712
2268
1796
228
1792
1260
-4
768
768
-228
132
1932
2056
1204
2076
2404
216
1432
1248
620
-12
1172
220
-320
1112
2180
1040
2024
2308
1036
652
1772
932
-252
900
688
-96
284
2308
1280
1696
2292
1896
300
1780
1248
92
508
1136
-56
-244
1652
2160
1364
2056
2524
484
1116
1644
556
292
1132
28
56
848
2552
1228
2052
2492
1104
256
1736
1172
-164
924
512
-344
80
2108
1704
1820
2168
1968
24
1624
1272
268
384
1252
-264
-44
1464
2060
1328
2116
2460
508
848
1604
556
12
1444
260
28
576
2396
1264
1988
2484
1388
272
1724
1040
-164
924
896
-296
284
2024
1728
1708
2264
2236
256
1456
1472
364
356
1436
-252
-144
1216
2280
1212
2016
2380
436
1064
1428
516
-72
1180
272
-328
736
2136
1316
1716
2400
1712
156
1824
768
-12
804
936
-88
128
1856
1488
1572
2248
2380
108
1308
1096
316
376
1320
-28
-24
1088
2320
1160
2288
2692
684
832
1532
596
216
1308
616
-500
396
2300
1364
2104
2400
1648
0
1624
1128
152
812
772
-292
-136
1828
1804
1444
2300
2092
-12
1468
1260
192
148
1260
44
-360
868
2208
1092
2132
2456
756
724
1460
716
-124
1296
364
-348
560
2084
1384
1912
2452
1564
80
1724
1036
148
692
1192
-212
-20
1872
1736
1420
2316
2376
-4
1268
1404
380
104
1388
-192
-164
964
2204
1264
2032
2540
832
724
1576
732
-20
1216
496
-164
228
2228
1292
1888
2452
1752
76
1820
1092
36
740
1216
-252
-52
1624
1924
1520
2328
2392
76
1496
1344
632
340
1304
340
-148
1152
2256
1068
2264
2360
860
576
1752
880
-196
1440
544
-260
572
2236
1296
1808
2480
1920
-56
1784
964
-112
508
952
-112
116
1644
1740
1384
2012
2068
376
1260
1388
280
36
1284
-56
-152
884
2256
964
2088
2528
968
816
1644
752
-236
1224
580
-180
488
1964
1588
1840
2484
2208
-52
1772
940
-68
876
1004
-316
28
1768
2016
1436
2264
2216
260
1396
1296
572
32
1420
108
-168
1116
2196
1124
1960
2516
960
660
1672
628
-120
1240
416
-192
312
2256
1268
1652
2344
1964
136
1688
1104
0
592
964
-392
16
1564
1972
1316
2232
2388
36
1576
1460
636
228
1220
268
-156
1020
2340
1364
2092
2324
928
524
1828
824
-172
1048
436
-340
492
2316
1484
1744
2208
1772
112
1680
1188
80
576
988
-376
124
1860
1884
1316
2144
2436
108
1484
1180
280
100
1084
-4
-280
1056
2328
1052
2200
2284
1180
624
1676
912
-208
1152
688
-312
684
2196
1288
1880
2588
1748
28
1712
1080
320
532
1020
-264
-144
1720
1872
1508
2312
2284
208
1244
1348
392
172
1092
128
-236
1000
2160
1200
2132
2328
908
508
1776
712
-172
1300
472
-304
580
2260
1352
1824
2364
1696
164
1684
900
56
656
1052
-152
152
1824
1816
1432
2360
2384
220
1188
1472
336
200
1420
-68
96
1000
2212
1120
1964
2784
1044
480
1596
720
-240
1320
508
-340
524
1868
1276
1848
2388
1840
-240
1748
840
-12
796
984
-180
-196
1656
1800
1676
2408
2348
156
1268
1244
376
212
1360
44
-208
1096
2212
1092
2160
2560
800
720
1572
640
-4
1224
544
-288
672
2344
1320
1760
2496
1572
204
1996
808
16
828
816
100
124
2012
1472
1452
2184
2348
48
1348
1292
-4
308
1084
-52
36
900
2244
912
2208
2556
640
852
1508
656
-252
1296
532
-208
496
2372
1160
2180
2492
1564
192
1700
988
64
812
948
-336
220
1872
1676
1728
2232
2128
-44
1616
1240
184
476
1120
-208
-112
1240
2312
1280
2156
2632
508
800
1548
604
-84
1364
324
-212
848
2268
1140
2048
2284
1352
160
1724
844
-104
852
484
-220
232
2112
1624
1648
2156
2088
-92
1748
1364
140
240
1172
-156
28
1408
2384
1156
2304
2400
392
1364
1492
672
-208
1300
144
-260
984
2316
1300
2016
2280
1360
528
1824
752
-128
948
580
-340
288
2256
1180
1776
2212
2140
-120
1472
1156
84
628
860
-156
152
1648
2032
1284
2304
2496
184
1312
1256
688
-84
1324
88
-236
1116
2572
1196
2100
2344
976
580
1832
824
144
904
588
-228
352
2460
1480
1836
2164
1720
140
1800
1300
-4
768
1052
-228
368
1792
1968
1224
2036
2384
88
1424
1552
336
-92
1368
-136
-160
1232
2212
1136
1924
2280
784
888
1400
788
-228
1076
416
-372
696
2200
1412
1916
2184
1884
60
1956
892
-100
640
1072
80
12
2012
1952
1408
2304
2280
152
1476
1544
224
236
1500
-40
196
1076
2240
972
2036
2676
652
1048
1532
608
116
1144
540
-176
332
2348
1008
1924
2484
1548
244
1800
1004
-148
968
784
-152
192
1848
1596
1400
2344
2280
-40
1500
1176
328
188
1380
60
-12
1144
2364
1168
2168
2572
420
1140
1580
444
-40
1324
408
-256
676
2468
1168
2184
2304
1628
256
1736
944
-216
940
768
-168
196
2048
1640
1576
2352
2180
-76
1644
1180
72
516
1124
-216
0
1408
2252
1148
2096
2484
464
912
1524
508
-132
1300
92
-60
472
2380
1212
2028
2320
1392
180
1736
1004
-188
1268
676
-216
236
2236
1536
1744
2244
2252
-144
1704
1204
412
396
1160
-100
12
1388
2224
1192
2180
2396
448
1196
1476
704
-16
1332
208
-384
1028
2220
1236
2116
2316
1480
248
1708
936
-104
948
640
-236
52
1916
1604
1584
2332
2156
52
1640
1388
156
540
1268
-184
64
1232
2128
1400
2320
2536
380
996
1796
460
68
1312
208
-212
652
2420
1204
1944
2604
1424
424
1740
804
-128
976
752
0
72
2104
1496
1368
2680
2204
-56
1456
1004
360
452
1124
-48
-260
1364
1924
1456
2148
2444
572
808
1616
436
64
1408
320
-248
664
2484
1144
2028
2572
1212
292
1760
1004
84
932
804
-340
0
1920
1856
1720
2216
2180
-188
1576
1352
364
404
1316
-148
-180
1432
2300
1368
2180
2444
780
628
1784
752
116
1236
116
-184
392
2512
1356
1868
2380
1300
332
1748
1104
60
808
796
-292
32
1844
1932
1468
2064
2280
72
1760
1200
408
240
1236
208
-108
1228
2228
1072
2004
2584
856
848
1852
532
-136
1256
532
-176
544
2312
1252
1840
2568
1728
128
1748
932
-228
884
940
-156
76
1708
1744
1252
2124
2468
124
1420
1440
400
172
1056
120
-264
1000
2260
1064
2120
2460
832
588
1712
868
-244
1084
512
-8
220
2180
1508
1796
2316
1780
108
1948
944
-16
896
976
-52
-296
1984
2056
1340
2392
2252
156
1276
1528
508
180
1220
-116
-124
820
2420
1292
1976
2420
892
472
1660
756
-72
932
664
-316
204
2380
1420
1796
2216
1952
36
1648
1128
0
564
976
-132
-96
1540
2180
1500
2132
2352
300
1156
1432
432
40
1492
76
-272
1060
2412
1140
1944
2516
1300
328
1796
828
-204
988
652
-40
268
2156
1484
1652
2288
2004
128
1588
1020
-32
424
1024
12
-316
1392
2072
1204
2360
2464
220
1132
1508
508
28
1136
128
-208
760
2064
1376
2044
2400
1480
40
1764
1072
60
1088
696
-508
212
2160
1804
1752
2092
2172
-232
1808
1532
132
292
844
-120
28
1384
2232
1184
1988
2524
508
1160
1480
692
52
1124
280
-388
516
2608
1200
1916
2176
1388
452
1628
1168
0
800
768
-272
288
2100
1580
1476
2148
2440
-216
1568
1468
352
424
1024
20
-316
1460
2208
1180
2140
2420
564
924
1752
832
-208
1104
528
-324
592
2436
1296
1804
2288
1596
388
1776
832
136
916
1008
-240
-120
2136
1860
1716
2372
2288
116
1408
1416
368
312
1396
-48
-132
1148
2148
1144
2040
2628
660
868
1464
888
-288
1124
456
-340
576
2348
1324
1664
2300
1568
156
1852
1064
-12
800
856
-100
-96
1912
1848
1448
2228
2180
156
1356
1588
368
468
1220
-128
-308
1032
2388
1084
2272
2364
988
512
1576
1060
-308
1416
312
-384
468
2192
1464
1572
2172
1804
52
1688
1004
64
724
876
-240
-156
1724
2092
1288
2200
2400
136
1276
1496
492
16
1104
152
-60
928
2232
1192
2048
2432
956
660
1828
984
-244
1140
444
-80
256
2228
1660
1448
2116
1900
148
1772
1276
108
492
1020
-112
-80
1812
1832
1368
2228
2356
412
1220
1424
576
-200
1348
260
-388
812
2268
1364
1992
2276
1280
336
1876
968
-432
1160
564
-196
300
2072
1692
1444
2260
2108
64
1788
1120
88
484
1192
-128
-132
1596
1912
1260
2348
2412
308
1080
1596
472
-140
1252
324
-100
736
2252
1368
1860
2580
1144
272
1600
976
8
996
476
-304
108
1980
1828
1416
2296
1992
144
1572
1072
124
524
1192
-312
-56
1380
2096
1192
2100
2512
448
776
1788
744
-152
1376
132
-100
820
2312
1368
2020
2416
1384
316
1772
840
-52
1072
836
-328
216
2008
1752
1616
2152
2072
-108
1768
1276
232
392
1064
-60
-144
1424
2288
1168
2128
2456
560
1076
1516
460
52
1224
212
-128
680
2496
1036
1856
2428
1644
148
1756
944
-140
952
656
-204
356
2000
1780
1516
2268
2528
-20
1684
1180
192
380
1308
-28
12
1516
1960
1312
1988
2628
652
884
1672
512
108
1268
136
-84
624
2616
1156
1932
2372
1380
412
1464
1012
-52
912
700
-332
240
2048
1748
1388
2300
2188
-212
1980
1136
204
296
1064
-24
-308
1376
2120
1324
2120
2340
312
1040
1680
804
-196
1312
216
-132
924
2368
1376
1948
2404
1400
148
1824
1052
48
996
600
-108
152
2264
1652
1688
2244
1972
16
1676
1424
436
340
1136
-152
52
1396
2152
1168
1956
2512
348
1092
1464
636
16
1160
268
-380
604
2508
1100
2152
2260
1352
296
1664
972
-52
1064
672
-256
96
2216
1676
1636
2480
2064
68
1752
1248
192
444
1188
-80
-112
1432
2128
1464
2452
2300
400
992
1672
852
-76
1396
92
-208
812
2436
1260
2092
2236
1172
304
1816
912
-164
1120
516
-268
48
2016
1632
1548
2148
2168
-224
1624
1156
344
424
1144
-356
-32
1644
1908
1324
2024
2604
60
1128
1416
472
-24
1148
140
-88
788
2636
1172
2128
2568
1148
668
1688
1160
-180
1176
572
-136
420
2560
1392
1564
2248
1996
332
1820
1064
268
464
1020
-176
-56
1824
1708
1172
2048
2560
236
1440
1492
328
-124
1132
88
0
956
2400
1024
2148
2580
812
792
1556
964
-4
1004
548
-280
280
2420
1544
1780
2340
1860
156
1944
948
112
624
1044
-152
20
1824
1752
1616
2272
2544
-16
1400
1396
416
244
1184
-84
-68
996
2520
1040
2304
2532
712
620
1648
944
-96
1176
416
-248
444
2348
1268
1896
2332
1476
108
1916
1040
56
740
844
-288
140
1828
1816
1512
2280
2416
-216
1680
1256
432
456
1140
28
-172
1376
2120
1104
2536
2212
712
800
1576
868
-264
1452
220
-192
736
2300
1312
1864
2508
1368
532
1736
772
84
800
768
-172
144
2188
1424
1680
2280
2036
-12
1648
1252
-16
476
1184
-120
56
1304
2028
1308
2208
2500
192
1224
1380
520
84
1484
216
-440
920
2156
1172
2272
2412
1196
316
1668
664
180
1244
640
-400
240
2176
1408
1992
2460
1992
-80
1724
996
124
784
932
-332
-216
1596
1748
1524
2340
2232
-188
1376
1304
392
424
1188
-68
-324
1008
2400
1048
2420
2412
548
672
1420
732
160
1444
432
-612
552
2260
1368
2340
2564
1432
12
1932
1012
272
920
800
-504
-36
2140
1808
1864
2252
2248
-144
1656
1268
268
516
1072
-272
-52
1336
2288
1148
2420
2268
232
1128
1604
596
92
1192
60
-232
752
2492
1152
2236
2288
1196
364
1804
896
-124
1140
516
-312
168
2320
1676
1708
2248
1780
32
1956
980
-28
584
1024
-100
112
1800
1772
1520
2196
2224
120
1440
1408
448
144
1196
-184
-72
1028
2408
1140
2036
2376
648
964
1732
664
-76
1056
116
-196
584
2384
1268
1932
2300
1336
268
1876
892
-104
816
716
-452
48
2124
1484
1572
2072
2080
92
1760
1204
92
420
1248
-160
64
1480
2104
992
2236
2304
448
1464
1512
540
-48
1216
76
136
888
2448
1008
2168
2388
1064
624
1932
716
-120
1208
404
-264
392
2284
1320
1592
2024
1984
128
1852
1016
-80
548
980
-372
284
1632
1908
1488
2132
2432
124
1508
1316
224
208
1300
-100
-92
1408
2212
1240
2160
2400
888
888
1536
540
0
1420
360
-64
740
2324
1320
1916
2544
1480
356
1976
976
-236
968
788
-132
260
2112
1616
1472
2272
2096
76
1788
1136
96
564
1140
-336
-48
1588
1956
880
2168
2448
320
1148
1372
428
-72
1460
-24
-124
976
2356
1096
2124
2564
1108
508
1888
652
-344
1112
660
-12
376
2152
1216
1720
2620
1832
260
1736
964
-24
768
1188
-512
220
1752
1660
1524
2184
2568
172
1228
1496
272
200
1312
-108
8
1284
2016
1124
2248
2588
492
920
1400
676
56
1052
392
12
556
2408
1184
1692
2552
1380
344
1816
800
-184
776
820
-160
344
2164
1468
1624
2260
1860
316
1748
1076
44
396
1108
-72
-108
1508
2120
1284
2244
2396
228
1216
1452
644
108
1248
200
-268
944
2172
1320
2200
2336
920
480
1712
724
-44
1284
460
-372
300
2344
1396
1900
2376
1792
-108
1624
1012
284
852
724
-260
-304
1700
2008
1476
2464
2216
-244
1528
1252
376
280
1308
-404
-116
988
2252
1664
2020
2596
564
788
1756
712
88
1384
196
-272
748
2528
1280
2148
2268
1212
420
1580
1012
80
1004
604
-340
-64
2256
1564
1696
2160
2108
-44
1384
1184
284
648
1328
-328
-304
1668
1996
1220
2348
2396
108
1224
1140
648
200
1124
44
-432
1008
2224
1260
2256
2452
704
516
1752
1020
-172
912
548
-268
372
2308
1284
1864
2476
1744
176
1692
964
-24
796
1028
-56
20
1660
2128
1188
2408
2552
72
1520
1004
192
148
1240
100
32
1156
2080
1056
1964
2516
748
968
1436
456
-252
1204
580
-196
528
2312
1096
1896
2508
1660
20
1656
852
96
1012
788
-124
-44
1940
1632
1660
2368
2352
-36
1652
1004
420
324
1264
-64
-288
1532
2280
1116
2296
2456
312
1280
1392
444
-44
1336
64
-48
560
2300
1168
1948
2404
1236
436
1580
908
-220
1052
632
-316
172
2072
1320
1848
2264
1932
-28
1704
960
128
584
1164
-172
-60
1676
1784
1376
2200
2644
116
1500
1376
528
208
1400
160
-252
1048
2468
1336
2228
2308
888
684
1584
684
-136
1328
468
-364
520
2248
1224
1952
2524
1836
-284
1784
784
-52
680
856
-324
-164
1732
1696
1464
2068
2196
76
1368
972
272
120
1460
184
-188
1012
2192
1112
2336
2500
672
880
1560
568
32
1408
368
-168
644
2284
1268
2048
2536
1600
308
1660
968
88
1072
1148
-344
60
1820
1772
1636
2452
2196
-124
1544
920
388
584
1136
-224
-308
1192
2196
1248
2156
2452
348
876
1580
720
0
1452
0
-184
604
2388
1264
1988
2492
1104
328
1712
964
104
1068
560
-192
172
2224
1768
1616
2252
1968
-120
1736
1224
392
492
1116
-168
-52
1668
2100
1436
2104
2464
44
1508
1540
592
160
1312
-116
-128
900
2304
1196
2148
2420
1040
456
1544
852
-232
1004
616
-456
376
2120
1344
1864
2144
1960
-104
1852
1120
120
652
948
-100
-192
1892
1680
1572
2344
2460
152
1248
1396
484
132
1264
-88
-68
928
2188
1364
2200
2356
732
736
1816
800
-176
1300
344
-180
348
2252
1328
1956
2424
1628
204
1936
876
56
812
812
-300
44
1796
1728
1508
2320
2356
0
1424
1164
348
304
1188
-120
-92
1100
2344
1276
2208
2444
456
868
1460
472
28
1220
356
-60
660
2480
1436
1916
2456
1620
224
1812
824
0
992
1004
-76
236
2024
1460
1548
2380
2204
-116
1632
1304
168
356
1164
-132
-32
1288
2236
1116
2368
2556
372
888
1512
496
-148
1444
44
-140
660
2280
1316
1948
2548
1524
336
1648
860
-52
1140
672
-340
208
2108
1708
1688
2504
2072
-312
1768
1200
116
408
1124
-64
-240
1604
2196
1444
2312
2560
280
1188
1444
552
172
1248
156
-264
752
2244
1200
2148
2432
992
660
1672
968
-200
1008
704
-312
360
2284
1588
1580
2404
1920
-32
1744
1156
72
540
936
-16
-56
1648
1700
1312
2264
2252
248
1244
1616
320
92
1172
240
-116
940
2356
1092
2148
2516
948
592
1572
684
-60
1148
644
-348
264
2288
1348
2016
2340
1604
248
1580
1116
8
604
1140
-360
-88
1656
1840
1268
2340
2492
204
1188
1464
480
-28
1352
184
-340
916
2208
1104
2168
2584
780
824
1604
580
-112
1240
596
-388
496
2204
1384
1920
2356
1880
48
1720
1160
104
912
968
-60
-76
1924
1752
1512
2168
2440
172
1440
1160
228
348
1460
84
-328
1088
2184
1152
2056
2500
704
588
1344
840
-24
1136
452
-300
448
2300
1220
1916
2296
1576
156
1832
900
-188
788
1004
-168
-68
2020
1900
1220
2240
2424
36
1540
1316
380
268
1180
136
192
1144
2228
1284
2092
2588
644
1192
1652
580
-164
1132
512
-296
608
2364
1256
1852
2344
1768
304
1780
924
-84
788
824
-296
60
1780
1540
1356
2260
2388
192
1432
1012
248
120
1052
228
-156
1264
1976
916
2216
2528
716
880
1508
720
-108
1300
516
-88
496
2284
1296
1864
2452
1788
216
1856
988
-144
840
1196
-20
80
1840
1628
1400
2292
2536
16
1508
1000
368
216
1364
260
-344
1060
2068
1012
2356
2352
816
636
1628
608
-212
1372
468
-292
512
2060
1108
1800
2480
1492
260
1624
948
-16
712
1128
-216
-160
1984
1732
1676
2312
2448
236
1296
1368
428
400
1332
196
-288
1064
2300
1228
2280
2316
872
656
1668
828
-332
1408
512
-232
400
2160
1444
1748
2404
1656
160
1888
936
-36
692
1016
-260
20
1796
1632
1540
2144
2396
340
1148
1304
380
364
1224
100
-384
960
2392
1148
2224
2572
896
776
1844
732
-44
956
556
-360
540
2224
1688
1948
2356
1832
-100
1548
1116
148
824
988
-132
-272
1788
2008
1408
2240
2080
372
1228
1476
488
112
1356
-164
-68
1108
2316
1084
1992
2628
804
424
1740
764
-120
1040
640
-172
188
2244
1248
1828
2304
1832
204
1644
1112
-4
684
1080
-228
4
1776
1988
1228
2324
2504
220
1412
1316
576
164
1232
292
-284
952
2292
1180
2104
2620
948
556
1856
796
-136
1084
568
-196
344
2252
1456
1680
2288
1876
64
1712
984
164
796
952
-104
-40
1768
1888
1336
2164
2716
124
1052
1460
240
272
1276
176
-376
860
2432
1108
2088
2452
992
736
1636
848
-76
1104
716
-88
176
2332
1248
1740
2360
2036
20
1852
1236
-60
848
1044
104
-76
1256
2128
1456
2416
2308
80
1320
1376
576
96
1300
152
-408
944
2308
1064
2168
2600
1268
416
1532
708
-68
996
704
-240
184
2148
1652
1724
2388
1800
-44
1700
1028
312
552
1248
-196
-48
1464
2156
1436
2236
2500
544
1124
1560
612
-88
1536
152
-336
664
2036
1240
2136
2536
1280
324
1916
964
116
1028
836
-136
304
1924
1544
1616
2248
2196
-232
1648
1184
80
532
888
-28
-124
1592
2212
1032
2304
2364
352
1052
1368
716
-304
1244
376
-224
908
2144
1300
1920
2576
1364
300
1788
828
-180
928
1024
-36
88
2208
1440
1808
2164
2404
200
1552
1396
44
312
1264
-112
-140
1448
1872
1140
2168
2452
668
684
1532
624
52
1236
208
-416
520
2332
1072
2036
2476
1464
204
1716
1004
-152
912
800
-224
96
1940
1660
1716
2164
2268
188
1544
1356
16
480
1340
60
-108
1132
2300
1168
2296
2452
524
1068
1516
648
-156
1468
308
-300
620
2400
1372
1908
2212
1576
128
1792
856
-152
868
788
-152
192
1884
1580
1448
2324
2208
36
1556
1164
364
84
1304
8
-332
1184
2032
1232
2220
2496
680
856
1568
664
0
1420
236
-272
488
2368
1416
1832
2420
1620
140
1800
1024
264
972
1064
-252
-28
2088
1608
1644
2368
2304
-156
1548
1348
576
336
1256
-68
-228
1164
2456
1380
1976
2364
580
848
1664
764
-64
1204
228
-404
492
2424
1304
2124
2236
1404
144
1688
1296
4
796
728
-316
36
1820
1704
1428
2148
2424
-76
1484
1480
372
204
1316
-52
-140
1332
2292
1432
2096
2540
728
692
1680
924
52
1244
304
-80
516
2484
1300
1816
2348
1484
328
1752
1200
-244
676
768
-212
20
1788
1916
1332
2120
1968
344
1356
1556
368
24
1232
-204
52
1188
2360
1140
1984
2472
688
1036
1644
704
-44
1060
416
-200
428
2480
1272
1676
2520
1636
348
1756
1096
-160
912
1004
-288
32
1660
2004
1420
2044
2300
108
1632
1312
320
176
1176
84
-292
1320
2236
1172
2032
2388
1000
556
1748
768
-112
1204
260
-276
588
2224
1380
1676
2328
1740
32
1756
1076
-8
716
704
-164
8
2000
2012
1300
2248
2312
280
1512
1444
480
236
1204
16
-196
1352
2328
1280
2160
2516
972
712
1852
848
0
968
436
-284
548
2328
1132
1728
2240
1636
132
1808
1108
-204
824
728
-4
-212
1724
2136
1116
2304
2172
128
1456
1480
160
28
1188
-88
-24
1216
2236
1036
2032
2624
960
724
1756
616
52
1180
384
-184
564
2380
1368
1672
2560
1648
184
1712
1100
-128
860
744
0
216
1548
2084
1248
2448
2300
96
1644
1344
228
176
1284
224
-376
856
2212
1252
2076
2440
1060
564
1592
448
-88
1332
312
-188
512
2104
1160
1680
2472
1900
156
1612
832
112
552
1064
160
-88
1844
1920
1500
2376
2324
304
1420
1688
168
264
1180
208
-208
928
2520
976
2100
2372
988
772
1580
700
-64
992
524
-244
336
2224
1336
1656
2196
1788
176
1532
1200
-16
636
1064
-188
160
1692
2040
1280
2044
2344
152
1448
1520
348
88
1256
-12
-136
1128
2448
1228
1900
2296
1040
752
1752
836
-140
1012
456
-176
508
2644
1476
1612
2332
1932
100
1876
1292
-64
544
972
-8
76
1756
1836
1236
2148
2300
292
1392
1500
312
-4
1260
20
12
1128
2340
1276
1952
2656
1100
652
1428
628
-64
1044
660
-252
44
2292
1224
1796
2368
2036
-56
1740
1108
-32
824
1144
-204
160
1608
1940
1424
2224
2504
168
1216
1316
552
280
1376
152
-88
1008
2460
1160
2016
2672
1024
556
1612
752
-96
1284
396
-92
412
2020
1492
1628
2344
1900
8
1964
824
-60
528
1156
-240
-292
1720
1784
1408
2184
2356
108
1244
1400
572
216
1440
216
-304
928
2320
1136
2296
2304
1020
504
1560
712
-100
1108
688
-140
336
2296
1444
2004
2288
1948
-148
1876
1072
108
748
1004
40
-440
1752
1988
1304
2136
2424
172
1392
1404
460
300
1380
-136
-208
1140
1996
1156
2100
2508
992
396
1492
708
52
1172
516
-212
156
2360
1404
1772
2372
1824
4
1684
1088
112
620
1208
-288
-144
1724
2080
1496
2132
2360
168
1460
1384
460
192
1372
96
-136
1052
2340
1156
2128
2436
1004
812
1488
760
24
1336
632
-268
232
2180
1224
1848
2436
2052
-44
1680
1044
-60
816
1036
-120
160
1604
1756
1352
2316
2432
312
1616
1192
424
60
1464
100
-240
1100
2264
1232
2160
2312
1192
612
1660
780
-76
1376
468
32
288
2352
1268
1812
2488
1900
84
1596
980
76
1024
764
-220
-180
1820
2004
1544
2300
2580
-268
1472
1192
404
240
1168
48
-292
992
2352
1216
2136
2396
576
748
1560
880
-188
1304
300
-172
456
2256
1312
2044
2480
1624
92
1776
984
-40
848
1048
4
8
1968
1684
1832
2016
2368
152
1576
1512
236
376
1220
-148
-76
1216
2228
1224
2192
2452
680
684
1504
804
-308
1380
340
-188
480
2360
1376
1800
2292
1632
116
1788
972
-272
1136
676
-124
-8
2092
1552
1596
2000
2224
300
1700
1148
228
444
1240
-344
-220
1452
2184
1224
2352
2552
388
940
1660
852
-224
1160
344
-108
752
2240
1248
2048
2492
1420
280
1692
856
-32
1080
636
-288
32
2124
1652
1368
2092
2208
-44
1756
1184
236
400
900
-204
-208
1652
2080
1160
2300
2228
736
964
1440
688
-108
1360
16
-28
772
2064
1348
2028
2568
1084
40
1792
1036
112
1120
568
-292
264
2180
1780
1788
2316
2048
188
1736
1240
64
452
1104
-96
60
1548
2164
1248
2148
2380
328
1300
1536
508
-40
1184
108
-372
892
2316
1028
1996
2252
1072
620
1756
924
-88
924
472
-128
376
2232
1504
1844
1984
2064
-24
1900
1188
12
420
860
-100
-20
1792
2204
1216
1988
2188
288
1456
1572
392
112
1280
-32
108
1004
2684
1172
2008
2460
948
764
1584
984
-340
976
400
-320
640
2316
1360
1672
2144
1752
208
1884
1148
-52
288
964
-48
92
1776
1892
1196
2048
2552
220
1556
1372
236
136
1372
12
156
1232
2296
1056
2084
2344
1012
704
1704
696
-288
1116
368
-20
520
2152
1596
1824
2560
1756
172
1916
920
-152
1008
928
-272
-52
1712
2044
1460
2212
2316
136
1308
1208
356
168
1272
-116
-120
1092
2168
1020
2004
2744
648
768
1608
624
112
1184
700
-284
408
2088
1236
2068
2256
1460
56
1776
1120
-100
1000
972
-192
-4
1900
1748
1612
2332
2396
44
1472
1332
368
436
1252
96
-156
1248
2120
1068
2136
2560
712
1012
1384
744
-28
1300
380
-456
660
2408
1204
2020
2284
1484
180
1924
880
-140
716
720
-352
24
1920
1668
1676
2336
2320
-80
1624
1156
324
504
1080
-92
-60
1348
2120
1196
2244
2300
624
1108
1724
584
76
1216
260
-116
616
2536
1384
1972
2328
1204
432
1784
976
-164
1000
724
-488
216
2156
1676
1704
2192
1996
-76
1684
1256
164
528
1124
-260
-48
1292
2028
1248
2208
2572
188
1148
1640
504
-40
1036
268
-300
824
2480
1064
2228
2412
1056
736
1820
812
-124
1056
908
-188
424
2104
1552
1512
2356
2148
-12
1860
960
108
688
1080
-176
96
1528
1880
1272
2104
2540
296
1108
1440
432
256
1300
28
-200
840
2368
1220
2216
2396
1116
364
1616
808
-72
1064
468
-640
220
2144
1484
1876
2452
1884
-28
1900
920
176
748
900
-312
-180
1824
1976
1340
2304
2448
64
1568
1504
500
316
1096
-28
-220
1256
2424
1220
2084
2224
828
748
1808
800
20
1224
308
-388
516
2424
1276
1956
2308
1552
252
1600
1188
-120
568
996
-404
64
1752
1896
1280
2076
2356
-136
1568
1232
352
212
1148
-272
-48
1168
2120
1092
2060
2440
604
800
1796
788
-108
1396
464
-148
724
2444
1284
2184
2236
1400
288
1700
1084
-16
940
928
-360
272
2160
1748
1540
2292
2032
-104
1816
1292
208
268
932
-104
-4
1364
2256
952
1936
2300
272
1348
1656
132
172
1152
152
44
532
2440
1080
2036
2668
1148
280
1652
736
84
900
692
-116
384
2236
1496
1708
2516
2056
60
1812
1224
-20
724
1072
-36
-16
1464
1920
1408
2536
2244
492
1044
1336
276
192
1576
-164
-176
964
2616
1276
2008
2696
836
400
1624
664
376
1136
512
-368
412
2168
1420
1796
2452
1536
-128
1768
1160
-36
692
1072
-404
4
1940
2064
1632
2212
2208
292
1368
1388
428
512
1024
12
-316
1248
2324
1260
2292
2544
856
684
1912
704
52
1120
324
-280
580
2332
1192
1976
2412
1240
200
1812
1072
-12
680
940
-308
200
1912
1664
1484
2188
2084
28
1576
1232
108
556
1040
28
-192
1268
2236
1116
2196
2488
464
948
1612
712
-100
1192
236
-300
896
2300
1324
2144
2448
1300
140
1840
904
-120
1184
692
-68
268
2032
1804
1616
2316
2144
48
1848
1112
116
536
976
-52
-48
1592
2200
996
2240
2564
84
1240
1432
504
-32
1248
-48
4
792
2440
1352
1932
2468
800
720
1796
560
-296
1020
552
-376
584
2364
1468
1584
2444
1976
140
1772
1012
76
608
752
-236
32
1948
1704
1628
2120
2288
184
1420
1420
512
-4
1388
-4
-88
1172
2232
1180
1996
2440
712
1016
1472
652
-68
1148
432
-364
464
2324
1380
1684
2328
1888
152
1868
944
-340
868
804
-148
180
1760
1800
1416
2076
2368
64
1688
1160
292
404
1092
-76
-68
1184
2332
1104
1948
2496
644
1116
1764
624
-204
1192
356
-212
672
2344
1112
2124
2196
1436
272
1768
888
-244
972
800
-264
-48
1868
1548
1700
2524
2016
12
1496
960
216
336
1264
-156
-160
1360
1976
1376
2056
2504
232
1148
1432
212
164
1304
268
-172
792
2284
1172
2224
2440
1088
380
1768
840
112
1188
512
-192
168
2180
1560
1796
2252
2028
72
1752
1104
-32
756
824
-220
-60
1704
1968
1260
2240
2320
104
1360
1340
412
260
1140
100
-172
852
2356
900
2112
2256
824
560
1736
672
-40
1072
216
-72
600
2396
1376
1680
2320
1532
124
2084
916
108
552
668
-132
68
1932
2136
1356
2440
2192
-28
1752
1184
432
224
1164
-72
8
1364
2044
1288
2256
2520
756
944
1668
660
-184
1300
280
-188
464
2224
1248
2196
2444
1452
164
1852
868
-232
1000
872
-260
152
2044
1656
1604
2212
2084
-124
1924
952
144
564
1064
-108
28
1440
2160
1248
2204
2500
412
1312
1332
380
68
1368
176
-76
792
2480
1204
2092
2364
1064
496
1740
720
-140
1172
572
-208
272
2240
1368
1896
2212
1824
152
1776
1004
8
628
992
-348
-68
1696
1836
1324
2288
2404
164
1216
1116
440
-4
1248
-24
104
976
2292
1144
2072
2656
744
892
1620
576
24
1196
548
-268
432
2440
1220
2040
2360
1600
188
1756
940
-60
864
824
-364
192
1972
1788
1704
2116
2440
-160
1580
1212
356
236
956
-124
-120
1172
2340
996
2272
2400
276
1192
1256
692
68
1304
272
-348
856
2340
1216
2212
2172
1356
232
1592
984
-68
1112
608
-412
376
2152
1656
1636
2300
2000
16
1804
1124
280
552
988
-208
104
1756
1996
904
2076
2388
328
1292
1352
360
148
1152
-8
-128
908
2376
884
2244
2444
1036
660
1520
856
-412
1092
456
-416
420
2276
1188
1740
2320
1764
352
1896
960
-212
656
932
-188
112
1884
1712
1372
2224
2328
312
1456
1312
260
228
1316
-152
48
1172
2316
1084
2196
2500
592
852
1644
556
-52
1252
296
-28
540
2040
1192
1904
2504
1600
340
1564
900
-148
868
844
-288
184
1924
1484
1596
2284
2208
252
1676
1012
-24
488
1172
-224
-68
1448
2116
1248
2200
2556
564
1160
1388
488
4
1516
320
-160
868
2304
1108
2156
2636
1092
548
1776
516
216
1152
724
-236
116
2192
1380
2000
2480
2096
24
1620
1072
176
728
1036
-376
-144
1636
1868
1380
2324
2484
52
1188
1504
172
216
1212
-72
-200
944
2256
1260
2348
2464
792
448
1700
516
128
1200
480
-552
408
2432
1244
1828
2240
1768
64
1844
864
-136
1116
560
-196
-56
1992
1892
1560
2388
2032
140
1464
1596
564
108
1312
-292
-192
1308
2184
1348
2236
2408
376
900
1592
740
160
1124
260
-380
652
2380
1268
1956
2392
1196
376
1832
792
-76
1004
732
-392
260
2288
1564
1692
2008
1976
-92
1932
1168
68
632
1056
-304
248
1684
2296
1400
2088
2404
224
1368
1672
460
36
1172
48
-308
944
2548
1248
2136
2444
800
644
1960
780
8
1140
520
-272
364
2304
1448
1760
2156
1584
204
1932
1184
-116
596
908
-292
152
1892
1844
1328
2236
2208
-12
1616
1268
428
-4
1424
-124
48
1196
2528
1196
2096
2400
860
1064
1644
580
-108
1224
316
-380
672
2604
1120
1976
2172
1668
268
1956
1080
-68
860
440
-88
208
2140
1844
1552
2172
2060
-36
1788
1336
72
192
1056
-332
236
1628
2156
1280
1936
2244
452
1000
1636
544
120
1168
-12
-236
944
2572
1168
2104
2160
1280
528
1924
976
-84
1068
312
-400
564
2388
1432
1580
2168
2148
16
1712
1116
304
364
1112
-240
8
1760
1672
1560
2232
2352
216
1388
1408
520
-56
1168
68
-156
976
2512
1084
2128
2416
916
744
1820
696
-192
964
144
-160
712
2300
1248
1780
2288
1912
148
1896
992
-8
860
820
-104
-20
2048
1784
1488
2244
2228
-24
1600
1460
372
304
1348
-216
-76
1212
2200
1228
2108
2588
440
1092
1528
552
68
1036
328
-164
736
2432
1180
2104
2144
1384
76
1832
1160
-172
744
628
-244
148
2288
1484
1784
1948
1988
96
1800
1340
52
360
928
-120
40
1584
2260
1156
2188
2392
448
1092
1680
452
-48
1276
132
-12
664
2472
1152
2268
2416
932
696
1868
932
-116
912
616
-112
300
2212
1332
1904
2088
2072
-64
1760
948
-60
592
904
-180
8
1748
1820
1428
2128
2444
56
1452
1204
272
36
1416
56
-200
1072
2220
964
2120
2616
816
1068
1508
660
-148
1180
500
48
588
2276
1276
2040
2260
1800
120
1860
1056
-196
1056
660
-56
156
2076
1668
1220
2272
2476
240
1644
996
208
424
1220
48
108
1368
2160
1036
2092
2620
436
1196
1348
432
-176
1296
228
88
752
2432
1008
2216
2528
1244
544
1580
852
-192
848
824
-112
252
2016
1448
1744
2192
2096
-100
1732
1120
56
572
1024
-136
8
1604
1876
1304
2384
2456
204
1352
1312
380
132
1364
-92
60
968
2424
1172
2068
2644
936
792
1664
840
-164
1120
336
-364
548
2232
1236
1764
2400
1776
268
1572
984
-148
600
880
-100
-112
2088
1704
1588
2284
2392
248
1544
1376
148
496
1260
-32
52
1220
2244
1144
2288
2520
568
1128
1548
532
-24
1324
528
-168
832
2408
1220
1984
2420
1424
440
1756
860
-196
1096
644
-288
104
2132
1464
1592
2284
2396
-16
1692
1128
160
524
1192
-36
-248
1532
2012
1248
2336
2392
276
1256
1296
692
-40
1272
-28
-224
968
2264
1344
1864
2736
796
732
1976
648
24
1008
672
-112
296
2420
1372
1676
2340
1700
276
1604
1164
-236
684
972
-176
168
1880
1504
1392
2248
2388
244
1488
1312
324
200
948
176
-176
1336
2060
1016
2148
2488
648
676
1680
644
-176
1356
384
-284
572
2172
1280
1940
2400
1512
300
1592
716
120
964
920
-176
-8
2320
1528
1676
2344
2164
108
1472
1360
220
532
1084
-128
-24
1476
2092
1360
2220
2432
328
1196
1288
472
-4
1344
120
-260
944
2260
1104
2112
2276
852
480
1748
588
-16
1144
260
-256
156
2404
1292
1648
2328
1772
128
1712
1032
40
932
820
-304
-16
1896
1860
1540
2260
2140
-4
1448
1420
388
124
1308
28
-152
1348
2216
1020
2260
2476
656
1012
1520
588
-144
1136
252
-200
660
2400
1284
1924
2512
1300
240
1740
924
-76
956
572
-256
92
2064
1616
1824
2340
2040
-244
1720
1156
116
792
940
-136
-156
1584
2068
1224
2344
2248
84
1264
1464
612
192
1264
108
-232
1064
2440
1424
2032
2400
716
612
1756
784
-72
1224
420
-228
232
2260
1412
1892
2212
1716
120
1616
1112
-236
852
968
-272
204
1560
1824
1560
2060
2236
-148
1608
1308
248
128
1076
-248
-180
1248
2160
1244
2208
2252
716
972
1592
704
-112
1192
44
-332
708
2396
1200
2024
2400
1400
268
1904
1104
-284
1060
584
-220
96
2268
1584
1648
2216
1932
144
1804
1040
68
484
1116
-156
20
1688
1824
1328
2088
2456
312
1192
1504
184
172
1188
-244
-72
852
2492
896
2112
2448
756
748
1588
768
-376
1188
580
-376
520
2360
1268
1916
2476
1712
284
1748
952
-8
1076
900
-292
96
1848
1808
1540
2452
2392
68
1616
996
344
420
1324
-72
-36
1404
2016
1168
2344
2520
464
1076
1380
684
-92
1264
84
-184
748
2400
1172
1992
2320
1332
372
1716
816
-176
1036
472
-252
276
2080
1552
1824
2264
2016
-92
1896
1184
-148
752
996
-216
72
1712
2004
1292
2264
2364
108
1588
1452
448
0
1224
4
40
1116
2324
1256
2068
2264
856
988
1844
680
-80
1108
404
-152
572
2408
920
1880
2280
1520
280
1600
1020
-176
864
876
-372
224
1932
1656
1340
2256
2148
-204
1768
1216
232
548
924
-76
-284
1636
2356
1056
2336
2208
296
1136
1652
684
28
1208
80
-340
948
2424
1012
2224
2336
1220
508
1792
812
28
1232
576
-204
356
2168
1588
1756
2336
1892
20
1856
1008
60
564
1148
-224
12
1616
1896
1492
2208
2420
128
1476
1332
280
92
1376
-68
-84
1292
2140
1200
2308
2360
748
784
1640
632
124
1200
424
-172
308
2472
1260
2060
2432
1356
204
1696
1064
-120
972
916
-500
480
1844
1764
1360
2556
2372
-40
1656
944
236
464
1336
-208
-120
1292
2136
1276
2232
2532
184
988
1468
404
-80
1256
228
-340
728
2312
1128
2176
2372
1244
272
1492
960
92
1200
480
-352
308
2196
1404
1888
2356
1988
44
1568
1052
164
672
996
-256
100
1796
1848
1548
2384
2404
0
1212
1452
472
328
1324
-4
-148
1132
2188
1280
2524
2404
664
792
1480
868
-96
1372
424
-560
400
2408
1336
2088
2424
1416
104
1772
848
8
656
656
-284
280
2072
1416
1608
2420
2104
-60
1640
1276
424
156
1164
-160
-92
1540
2120
1484
2088
2364
416
1392
1508
672
-136
1468
200
-224
728
2312
1412
1856
2420
1104
684
1776
820
-108
1020
364
-300
404
2272
1444
1684
2280
1848
-92
1736
1108
-148
460
1076
-264
-36
1748
1716
1564
2296
2276
192
1488
1408
424
228
1252
112
-196
1056
2464
1152
2256
2244
996
1008
1764
768
-68
1356
208
-144
448
2588
1100
1816
2476
1388
368
1500
1100
40
760
952
-340
108
2024
1644
1664
2320
2288
-64
1540
1132
168
324
1080
-120
-56
1100
2360
1268
2288
2300
156
1144
1456
512
-12
1068
16
-260
752
2560
1064
1888
2452
1160
592
1700
1052
-88
992
736
-472
380
2244
1348
1708
2308
2076
-104
1872
1228
140
664
912
-224
92
1808
1836
1324
2324
2400
220
1692
1328
428
4
940
132
-240
1012
2360
1036
2240
2212
960
764
1788
772
-248
1432
160
-84
508
2276
1424
1544
2620
1528
164
1872
808
-140
816
712
-248
-32
2060
1728
1552
2180
2240
148
1716
1356
368
268
1268
-208
88
1488
2304
1568
2036
2540
268
948
1756
472
-44
1152
248
-160
652
2432
940
2056
2204
1260
480
1660
916
-420
1084
620
-368
336
2096
1696
1604
2116
2020
56
1880
952
104
480
1228
-100
20
1652
1896
1380
2192
2468
388
1348
1296
496
-44
1388
68
-320
1208
2156
1224
2344
2432
924
812
1776
576
24
1076
444
-208
200
2476
1308
1860
2280
1796
76
1644
948
92
848
1048
-404
116
1600
1644
1436
2392
2256
-80
1596
1000
312
280
1416
40
-180
1136
2236
1080
2320
2496
624
944
1452
436
-192
1500
288
-60
552
2188
1044
2192
2512
1508
348
1740
692
116
1020
876
-408
208
2172
1484
1852
2412
2248
-172
1508
1220
152
668
1164
-472
192
1224
2104
1216
2508
2692
-68
1232
1148
472
196
1336
212
-328
876
2208
1112
2280
2628
804
380
1468
648
56
1048
480
-348
152
2388
1260
1864
2492
1552
284
1556
1012
-24
976
784
-248
304
1884
1960
1444
2600
1980
20
1780
1284
380
340
1292
-100
-128
1328
2204
1220
2032
2472
564
896
1752
408
84
1228
336
-236
632
2336
1048
2176
2328
1288
296
1704
932
-156
968
724
-404
368
1916
1536
1872
2164
2016
92
1848
1052
-28
548
1068
-220
128
1648
2160
1180
2316
2500
360
1404
1332
372
212
1292
44
80
1072
2376
888
1996
2536
980
828
1732
720
-244
1148
636
-112
492
2100
1188
1824
2312
1688
336
1792
764
-188
680
1128
-176
20
1608
1472
1528
2232
2464
4
1420
1140
160
492
1460
-156
164
1000
1960
1064
2552
2424
432
1036
1224
552
-52
1464
392
-348
712
2416
1096
2152
2648
1344
604
1488
588
-64
1168
756
-260
116
1992
1460
1896
2328
2052
-132
1412
1020
160
712
1120
-388
12
1704
1968
1420
2216
2400
-28
1320
1192
572
-56
1260
-124
-144
900
2244
1352
2404
2348
596
644
1600
616
-48
1260
480
-308
484
2260
1164
1940
2532
1836
-32
1812
1040
-228
1256
748
-160
-24
1872
1792
1532
2448
2244
68
1452
1128
160
388
1004
-144
-96
1324
2336
1092
2256
2648
200
968
1536
684
-52
1356
268
-476
984
2128
1416
1944
2320
1500
292
1728
824
-220
1116
760
-360
352
2236
1396
2052
2204
2088
-24
1572
1308
4
856
1156
-284
-112
1540
2112
1284
2392
2444
188
1204
1240
588
136
1492
-44
-236
1032
2072
1360
2216
2356
908
500
1532
704
-112
1172
476
-224
228
2260
1288
1948
2276
1660
56
1780
840
-68
868
916
-196
120
1908
1756
1544
2288
2416
16
1604
1164
236
204
1264
-204
20
1404
2056
1276
2212
2588
612
1036
1584
728
8
1368
420
-308
488
2368
1276
1988
2368
1388
204
1740
1052
-44
928
796
-252
352
2264
1436
1616
2196
2092
4
1600
1108
252
320
892
-112
-4
1736
1880
1096
2256
2380
256
1136
1484
328
-172
1388
280
-8
732
2220
1196
2228
2580
1096
804
1740
740
-220
1264
704
-168
332
2308
1260
1844
2140
1952
216
1960
896
-104
712
804
-8
172
1948
1648
1188
2276
2372
200
1596
1268
96
100
1068
232
20
1088
2268
912
2124
2444
908
1096
1440
536
-408
1328
588
-76
780
2204
1068
1796
2544
1848
168
2000
784
-148
1072
768
172
36
2056
1516
1620
2312
2312
188
1604
1160
-8
568
1148
-8
184
1328
1924
1172
2284
2660
320
1020
1664
572
-148
1204
84
-188
624
2496
1160
1984
2448
1024
528
1644
876
-288
1216
660
-472
208
2440
1388
1812
2300
1808
12
1588
1084
128
724
900
-372
136
1852
1848
1416
2400
2236
96
1484
1368
384
68
1292
-68
-128
1288
2344
1116
2292
2432
772
940
1584
892
-144
1108
480
-472
756
2256
1336
2032
2116
1444
188
1692
1060
-128
936
712
-460
16
2020
1676
1432
2292
2064
140
1696
1160
4
540
1140
-92
-92
1516
2216
1212
2084
2572
220
1276
1288
540
92
1072
328
-260
940
2240
1124
2116
2444
1236
424
1728
716
-216
1104
632
-172
140
2092
1248
1700
2448
1944
148
1652
876
-128
728
1148
-136
-60
1516
1940
1248
2204
2468
-16
1560
1216
436
208
1116
96
-76
1064
2208
1140
2272
2524
832
728
1476
724
-160
1256
116
-156
460
2376
1268
1828
2604
1496
264
1708
852
0
728
1020
-564
240
1812
1844
1820
2332
2424
-160
1656
1264
92
532
1276
-256
-320
1316
2072
1268
2316
2396
264
812
1472
652
40
1120
-44
-348
848
2280
1368
2088
2452
1100
396
1920
968
104
980
608
-396
364
2316
1488
1768
2456
1908
144
1712
1276
52
516
1016
-332
208
1636
2004
1320
2200
2568
96
1508
1236
400
276
1044
104
-308
1180
2404
1164
2440
2332
976
648
1652
692
-132
1212
440
-448
652
2276
1136
1872
2420
1608
108
1704
840
-256
872
788
-104
-80
1752
1764
1704
2536
2180
80
1488
1236
168
476
1292
-64
-220
1352
2204
1136
2452
2636
524
1076
1364
672
84
1376
92
-152
764
2324
1320
1984
2616
1312
384
1780
700
-80
1172
508
-300
400
2036
1360
1632
2096
1984
-4
1692
1036
116
572
944
-196
-200
1856
1928
1416
2244
2208
176
1424
1368
464
-96
1320
160
-176
1100
2224
1280
2236
2352
924
728
1768
628
-108
1372
464
-188
460
2356
1284
1988
2220
1556
136
1740
1112
-192
1008
748
-348
212
1844
1620
1480
2184
2288
-152
1520
1300
304
460
1200
-376
-116
1336
2228
1276
2280
2172
268
964
1432
676
188
1380
-16
-380
684
2356
1352
2080
2376
1224
292
1692
796
272
1000
460
-256
180
2508
1680
1780
2292
2028
-4
1828
1084
204
760
1148
-424
36
1472
2092
1408
2212
2380
176
1272
1452
456
176
1152
-84
-184
944
2364
1064
2044
2408
796
656
1660
828
48
1080
416
-372
672
2236
1424
1812
2304
1744
-120
1920
928
20
800
876
-220
-132
1972
1696
1472
2476
2308
-56
1784
1300
372
248
1068
-60
56
1308
2372
1236
2048
2408
656
1064
1488
496
20
1256
272
-84
776
2376
1108
1964
2712
1444
356
1544
956
-120
952
664
-312
268
1888
1612
1436
2424
2068
-36
1784
964
-24
524
1248
-220
-128
1556
2040
1416
2216
2348
404
1308
1452
492
156
1280
12
-192
856
2336
1244
1960
2404
1160
632
1644
844
-152
1084
564
-52
476
2300
1188
1644
2356
1932
260
1768
840
120
748
1004
-228
-84
1692
1812
1388
2272
2344
-24
1316
1192
316
132
1260
-160
-260
836
2452
1068
2272
2340
492
768
1644
868
-144
1028
520
-316
532
2316
1168
2064
2316
1608
352
1700
980
-148
852
1008
-212
136
2160
1640
1456
2184
2324
32
1768
1156
168
508
940
-148
-148
1440
2184
1056
2280
2372
456
1076
1468
544
-124
1188
244
-400
744
2308
1240
2036
2268
1432
200
1752
1096
-240
1252
672
-248
160
2216
1628
1840
2352
2028
-28
1856
1108
140
660
1216
-224
-260
1604
2064
1568
2304
2512
48
1296
1364
596
332
1348
124
-212
1012
2236
1092
2240
2584
1008
504
1472
880
-28
1268
316
-296
324
2200
1200
1960
2272
1692
-96
1628
984
36
944
1012
-296
-164
1800
1916
1688
2284
2224
-88
1544
1324
240
176
1320
-124
-72
1048
2248
1356
2280
2636
648
816
1544
660
20
1480
192
-472
776
2320
1352
2068
2540
1464
260
1780
936
76
844
776
-368
140
1764
1768
1732
2132
2152
-120
1508
1256
88
292
1212
-344
-164
1396
2240
1104
2128
2632
356
1188
1332
520
32
1172
100
-276
688
2500
1280
1920
2548
1044
480
1752
928
-52
1216
560
-188
268
2108
1468
1856
2344
1864
100
1584
1244
4
936
1032
-388
-112
1608
2288
1412
2108
2396
20
1376
1296
512
256
1148
-24
-304
1224
2340
1092
2216
2400
680
636
1764
848
-300
1128
324
-400
540
2408
1260
1972
2444
1604
64
1956
1068
184
812
520
-168
36
2260
1688
1464
2252
2188
-80
1684
1356
320
196
1000
-52
80
1348
2420
1136
2244
2528
240
1020
1508
696
44
1308
112
-488
824
2268
1332
2016
2184
1228
28
1780
1000
-156
896
664
-256
84
2228
1616
1684
2272
1760
-148
1668
964
324
708
712
-56
-288
1412
2212
1444
2264
2464
-48
1148
1528
716
-92
1200
-36
-264
944
2392
1364
2244
2252
784
492
1936
996
-128
1068
304
-396
244
2280
1648
1880
2400
1588
116
1748
1100
224
748
768
-344
-124
2004
1984
1388
2216
2112
236
1516
1312
564
124
1280
-76
-356
1204
2496
1084
2228
2224
784
928
1760
848
-212
1004
308
-200
636
2344
1388
1972
2284
1668
64
2028
980
72
864
752
-348
52
2256
1676
1644
2300
2168
8
1752
1384
480
168
1212
-392
-148
1468
2288
1248
2016
2244
396
1056
1744
668
-380
1056
220
-288
724
2552
1028
1860
2268
1444
472
2020
764
-244
1088
252
-316
308
2244
1728
1528
2168
2092
260
1764
1176
268
324
1188
-288
144
1716
2016
1196
1968
2420
336
1312
1600
468
0
1268
188
-164
892
2336
1036
2016
2408
1068
424
1820
812
-160
908
556
-300
492
2224
1220
1616
2300
1868
172
1532
932
56
580
1172
-176
180
1680
1856
1484
2176
2456
172
1472
1364
148
32
1380
148
-32
1096
2232
1036
2180
2576
1012
748
1628
616
-100
1288
460
-104
632
2304
1308
1684
2348
1780
176
1812
976
-116
928
724
-228
212
1756
1824
1312
2520
2056
128
1668
1160
160
128
1344
-20
20
1180
2244
1064
2320
2596
576
1060
1460
668
-36
1216
388
-148
452
2312
1108
1972
2600
1492
356
1852
984
-196
1128
728
-176
296
2108
1708
1608
2344
2236
-68
1936
1080
300
424
1160
64
-176
1392
2176
1020
2448
2376
312
1368
1244
616
-244
1460
64
-156
716
2196
1160
2040
2636
1164
512
1800
572
-300
1096
668
-152
312
2200
1320
1888
2092
2308
164
1636
984
56
796
1040
-280
128
1760
1912
1192
2284
2688
284
1496
1244
412
-12
1416
200
-64
788
2224
1020
2240
2440
1072
800
1600
424
-224
1320
512
-228
328
2220
1216
1728
2204
2084
208
1636
700
-104
752
1144
-220
88
1724
1604
1440
2320
2336
80
1436
1220
372
72
1448
44
-168
952
2212
1268
2264
2424
920
836
1364
736
-36
1468
376
-260
560
2360
1112
1896
2492
1468
236
1764
1044
72
808
792
-80
64
1780
1604
1540
2172
2168
152
1748
1224
180
184
1104
-124
84
1420
2176
1140
2072
2532
716
1000
1616
612
-324
1356
248
-204
708
2156
1240
2044
2488
1296
332
1972
908
-116
1144
612
40
-24
2144
1624
1828
2612
1808
132
1832
812
296
400
1216
16
-260
1528
2108
1308
2096
2488
196
1152
1468
324
288
1156
64
4
812
2384
1004
2060
2360
1180
436
1692
1024
-424
1076
472
-264
140
2348
1504
1644
2192
1912
196
1816
1164
52
692
984
-44
-36
1828
2096
1484
2204
2208
172
1540
1352
648
48
1112
-60
-204
1000
2332
1168
2008
2568
724
1016
1660
772
-208
1232
548
-276
544
2280
1316
1692
2400
1592
168
1676
916
-112
676
900
-172
-44
1936
1708
1460
2108
2492
4
1680
1276
244
284
1360
84
-240
1484
2048
1264
2032
2628
808
832
1444
872
-224
1324
340
-412
744
2380
1316
1808
2416
1392
340
1852
1000
-116
980
604
-108
228
2092
1632
1672
2320
2140
28
1636
1388
136
208
1084
-60
-208
1364
1936
1368
1840
2472
500
1156
1748
380
-32
1344
44
-248
632
2436
1204
1604
2472
1220
484
1704
816
-252
1216
620
-16
180
2148
1396
1640
2224
1900
-48
1628
1284
160
588
928
-40
-52
1564
2076
1296
2208
2516
236
1008
1588
600
376
1248
24
-136
716
2488
1180
2136
2396
912
540
1524
1084
-144
756
712
-428
224
2240
1408
1784
2192
1688
128
1652
1192
-44
768
1000
-176
-244
1744
2212
1256
2236
2308
408
1240
1524
376
328
1352
-88
-176
1180
2372
1252
1932
2452
1152
704
1888
784
-252
1080
380
-124
456
2300
1348
1712
2396
1748
268
1964
1032
-164
736
896
-88
164
1936
1812
1392
2236
2332
112
1356
1292
544
116
1200
32
-232
1360
2076
1184
2124
2472
848
960
1624
660
-184
1272
524
-96
536
2352
1528
1788
2456
1368
368
1712
1060
-76
960
1020
-380
76
2076
1752
1608
2208
2204
156
1384
1268
324
424
1140
-60
-352
1300
2068
1300
2164
2332
604
768
1496
836
16
1148
276
-500
660
2468
1184
1908
2356
1276
84
1760
1012
-60
820
496
-204
164
1976
1788
1516
2320
2260
-140
1432
1508
280
412
1184
8
-80
1520
2144
1352
2212
2432
600
1016
1848
492
56
1300
312
-428
528
2472
1392
1676
2508
1336
368
1688
1028
-48
956
700
-288
80
1968
1704
1380
2232
1980
336
1684
1248
104
148
1224
0
48
1308
2160
1224
1876
2596
592
988
1524
552
-208
1268
452
-204
832
2268
1192
1680
2472
1556
476
1756
1096
-144
864
720
-164
296
2120
1548
1664
2088
2316
84
1388
1380
108
416
1184
28
-424
1376
2028
1360
1968
2432
440
796
1440
752
-60
1200
224
-496
612
2120
1556
1812
2236
1640
128
1752
1216
-52
1020
608
-124
-100
2136
1932
1468
2428
2100
-68
1516
1464
620
200
932
16
-260
1244
2280
1492
1820
2540
596
756
1748
776
-60
1120
316
-464
512
2500
1432
1548
2344
1520
268
1768
1124
20
824
744
-124
144
1672
1948
1384
2068
2392
268
1296
1428
416
140
1184
268
-240
1020
2308
1072
1920
2368
1064
672
1632
900
-12
1204
520
-260
504
2292
1528
1464
2440
1744
256
1680
1272
84
340
1108
-300
140
1700
1928
1432
2032
2408
376
1192
1652
364
204
1052
248
-156
828
2428
1184
1904
2312
1036
768
1692
1064
-444
876
792
-472
444
1920
1680
1540
2264
2016
4
1644
1320
316
360
1128
52
-20
1444
2224
1180
1984
2680
608
988
1364
740
-120
1280
384
-228
844
2048
1296
1748
2552
1572
356
1628
1096
-228
920
948
-148
108
1780
1924
1256
2100
2372
84
1604
1192
356
192
1140
280
-248
1152
2064
1144
2128
2488
920
528
1864
720
-92
1244
508
-380
456
2148
1692
1708
2152
2016
108
1732
1220
-108
640
1088
-72
12
1788
1848
1304
1984
2544
352
1368
1568
464
168
1356
100
-132
1088
2328
1204
1964
2632
1264
412
1732
928
-200
1076
576
-256
200
2112
1488
1668
2324
1928
92
1508
1228
212
464
1220
-164
52
1528
2092
1088
1960
2472
624
948
1544
620
-144
1128
312
-340
892
2500
1072
1896
2320
1568
332
1748
1140
-180
1032
572
0
100
1900
1960
1308
2224
2148
152
1584
1240
332
136
1284
12
-256
1400
2132
1180
2024
2332
688
772
1624
760
-40
944
296
-208
368
2388
1452
1840
2268
1580
140
1692
1312
-72
816
920
-276
92
1680
2092
1400
2060
2384
80
1528
1504
724
36
1272
100
-104
1148
2384
1508
1876
2580
880
412
1768
968
-124
1080
348
-136
120
2364
1528
1560
2284
1740
0
1748
1184
312
204
952
-24
-196
1692
2180
1140
1724
2364
456
1336
1528
464
92
1060
140
-116
960
2636
952
1732
2360
1396
588
1508
1244
-300
824
740
-280
260
2244
1680
1520
2168
1896
60
1808
1376
300
232
972
124
-104
1372
2288
1208
1832
2484
724
932
1640
772
-52
1024
324
-212
924
2228
1304
1444
2284
1648
300
1976
1128
-248
628
748
-188
252
1900
1808
1368
1976
2152
232
1380
1532
228
120
1152
204
-116
1172
2468
1116
1980
2520
848
684
1740
820
8
1072
508
-384
564
2084
1504
1672
2416
1792
56
1824
1004
44
508
1148
-88
-112
1768
1916
1432
2012
2296
264
988
1596
472
-84
1292
216
-332
952
2260
1368
1920
2256
1080
644
1664
1024
-40
996
564
-176
236
2020
1624
1524
2352
2352
-52
1560
1404
212
544
968
-228
-8
1596
2004
1368
1936
2580
508
1020
1704
724
-36
1240
448
-232
496
2432
1232
1772
2468
1260
396
1704
1040
-32
824
944
-356
220
1676
1724
1512
2036
2268
40
1528
1224
336
440
1008
-4
-224
1152
2484
976
2152
2620
612
744
1664
948
-40
1112
400
-308
568
2316
1444
1792
2248
1784
268
1824
1404
-140
684
820
-140
64
1708
2032
1136
2176
2556
116
1364
1416
528
-272
1272
260
-164
1208
2112
1196
1996
2324
1000
516
1892
760
-140
976
460
-232
248
2196
1456
1580
2272
1976
208
1572
1128
92
448
1056
-164
-72
1520
2100
1240
2096
2488
228
1224
1536
692
152
1220
460
-116
672
2260
1488
2148
2236
1440
412
1748
1148
-88
964
816
-176
220
2040
1828
1452
2344
2052
-76
1716
1188
312
304
1112
-12
-112
1276
2084
1196
2160
2244
704
772
1704
660
-228
1352
288
-264
328
2308
1368
1816
2464
1464
184
1812
1040
140
816
748
-68
20
1884
2036
1260
2328
2484
24
1524
1292
516
240
1072
136
-368
1316
2460
1292
2044
2304
924
776
1660
948
-92
1024
392
-344
552
2408
1208
1476
2412
1584
116
1840
1112
-12
424
900
-232
124
1720
2036
1216
1964
2532
204
1308
1404
692
32
1160
28
-280
1036
2272
1184
2060
2560
1052
528
1688
1040
-196
948
720
-332
512
2284
1412
1724
2176
1964
-4
1784
1428
136
420
984
-156
20
1492
2128
1344
2088
2452
284
1036
1572
560
-80
1200
220
-240
884
2328
1252
1928
2396
1280
416
1904
1040
-372
868
596
-200
264
2052
1728
1488
2172
2104
268
1504
1484
52
452
1100
-176
16
1344
2388
1124
2244
2404
552
864
1688
920
-88
1368
216
-224
688
2248
1252
1896
2408
1524
256
1732
1040
-264
908
920
-308
-124
1776
1920
1256
2128
2104
52
1588
1264
80
416
1160
84
-124
940
2328
1076
2152
2596
740
960
1444
804
-160
1064
588
-524
600
2416
1328
1816
2320
1740
152
1672
1240
-76
892
768
-224
220
1868
1904
1404
2168
2256
128
1288
1540
748
-176
1212
-4
-208
1316
2280
1260
1852
2456
884
552
1896
648
-240
1044
348
-32
348
2292
1428
1440
2092
1948
-4
1712
1296
44
396
952
-236
204
1856
1920
1276
1972
2276
460
1484
1576
692
-84
1060
336
-164
1032
2660
1072
1888
2488
1096
516
1876
1040
-236
1052
600
-76
472
2084
1508
1380
2256
2312
252
1572
1040
80
412
1100
-120
32
1396
2104
996
2052
2472
556
1236
1712
556
-144
1112
240
-188
656
2288
1336
1924
2476
1516
260
1696
988
-112
780
752
-76
100
1876
1788
1452
2152
2348
48
1664
1416
496
236
1292
12
-92
1272
2288
1200
2036
2304
1048
768
1696
948
-164
1044
552
-236
504
2352
1408
1564
2376
1796
44
1696
1208
-116
612
812
-156
68
1844
1948
1240
1984
2356
292
1508
1536
312
220
1228
204
-240
1008
2268
1184
2004
2448
1184
504
1568
1092
8
920
920
-288
276
2164
1712
1596
2528
1856
-132
1484
1332
396
544
1212
-160
-184
1440
2360
1540
2116
2344
336
760
1776
576
108
1044
192
-372
736
2216
1456
1956
2276
1492
192
1648
1320
-304
744
780
-372
72
1768
1972
1312
2096
2240
-100
1632
1356
404
168
1204
96
-192
1280
2332
1264
1844
2244
832
704
1988
816
-172
992
328
-180
596
2592
1588
1540
2156
1744
248
1692
1176
-16
524
980
-328
188
1616
1940
1376
1876
2392
308
1344
1756
452
0
1052
328
-316
1012
2316
1280
1784
2104
1220
392
1996
972
-384
820
688
-76
368
2132
1652
1536
2228
1952
340
1388
1496
172
420
1152
-40
-60
1488
2336
1092
2192
2360
732
1036
1844
692
-176
1064
332
-144
508
2396
1424
1612
2328
1764
304
1724
1028
-44
724
776
-124
144
1992
1884
1224
2228
2268
92
1404
1432
216
-12
1348
208
-28
1088
2332
1236
1980
2272
1104
788
1820
692
-164
1208
672
-68
692
2332
1464
1572
2320
1996
168
1732
1104
140
464
992
200
-24
1520
2004
1160
2108
2572
428
1280
1468
552
4
1356
120
-224
720
2288
992
1972
2432
1332
536
1604
920
-252
1000
904
-324
248
2196
1584
1572
2292
2212
16
1636
1316
216
356
1008
48
-36
1364
2028
1272
2128
2472
704
932
1880
528
0
1120
380
-80
488
2364
1256
1876
2132
1652
128
1752
1084
-232
956
796
-292
96
1888
1916
1440
2244
2032
-32
1604
1180
432
28
1132
-92
-260
1372
2340
1160
2048
2620
708
704
1720
820
64
1168
576
-376
456
2388
1304
1992
2312
1720
112
1708
1088
52
888
924
-384
-36
1748
2096
1500
2072
2308
36
1388
1524
524
248
1428
20
-292
976
2308
1272
1932
2320
1064
208
1920
820
-88
1112
228
-132
200
2116
1676
1584
2064
1804
44
1848
1332
216
440
940
-276
-140
1724
2008
1236
2196
2420
296
1048
1512
460
208
1048
8
-72
736
2572
1304
1908
2484
944
572
1804
1128
-96
900
784
-432
456
2128
1828
1752
2084
2204
-252
1852
1156
-44
508
728
-220
-96
1676
2148
976
2168
2264
360
1060
1440
656
-132
1252
44
-180
728
2532
1124
1940
2308
1192
472
1824
1164
-332
1032
852
-248
296
1992
1692
1488
2128
2180
216
1748
1248
232
356
1204
28
-164
1560
2204
1132
1920
2508
728
1128
1272
624
-56
1240
268
-224
1048
2408
1184
2044
2420
1488
192
1768
1184
-52
976
772
-284
-48
1836
1772
1616
2316
2184
-44
1464
1220
260
216
1344
-24
-108
1108
2204
1176
2136
2596
748
844
1548
724
-8
1224
376
-312
608
2368
1472
1948
2360
1724
140
1832
880
-132
1096
680
-244
68
1912
1844
1388
2072
2500
96
1580
1480
208
232
1208
36
-116
1040
2208
1320
2228
2388
644
776
1492
704
-56
1372
284
-400
428
2420
1268
1616
2440
1592
352
1608
900
-8
876
1052
-308
124
1852
1700
1720
2188
2476
96
1356
1388
548
148
1292
-48
-284
1404
2060
1156
2252
2388
756
752
1720
772
-116
1200
360
-12
364
2376
1476
1884
2224
1480
-48
1760
1100
100
768
916
-424
-156
1964
1868
1628
1980
2268
32
1264
1352
388
196
1196
-16
-344
1044
2304
1352
2244
2344
684
908
1580
924
-248
1052
588
-340
308
2432
1484
1668
2228
1604
280
1988
964
-24
648
860
-44
116
2048
1784
1448
2072
2268
208
1460
1588
448
72
1084
-76
-224
1204
2408
1128
1764
2396
892
624
1680
780
-200
1084
368
-164
532
2288
1384
1612
2256
1624
352
1864
1148
-72
624
1004
-240
-28
2044
1804
1464
2136
2248
208
1560
1508
512
228
1324
24
-84
1068
2736
1048
1976
2652
820
700
1656
916
-156
1080
348
-408
556
2328
1484
1800
2220
1692
152
1588
1144
44
620
808
-188
-52
2084
1904
1220
2236
2272
332
1136
1512
412
176
1292
-152
-64
980
2260
1244
2068
2612
860
648
1736
688
-8
1100
652
-304
468
2376
1580
1828
2256
1872
148
1656
1208
32
788
836
-196
236
1720
2200
1396
2196
2244
-56
1456
1432
432
-144
1216
196
-376
1064
2132
1168
1864
2432
832
580
1628
784
-92
1184
368
-416
492
2324
1452
1688
2316
1764
192
1700
1128
-80
732
856
-112
-48
1900
1848
1308
2176
2356
264
1312
1488
260
144
1136
324
-248
1080
2204
1204
2084
2280
1108
852
1836
736
-380
1228
508
-288
552
2228
1400
1588
2252
1968
352
1624
892
-40
624
944
-248
124
1728
1784
1272
2040
2376
28
1524
1344
140
160
1088
312
-300
1292
2208
1140
2128
2276
1188
412
1852
1016
-152
1220
632
-252
420
2288
1172
1944
2440
1800
268
1660
1032
64
596
1084
-56
-240
1860
1908
1336
2296
2300
32
1532
1244
368
324
1268
108
-468
1024
2364
1172
2032
2420
828
672
1632
876
-56
1076
412
-116
156
2372
1192
2092
2500
1852
-100
1668
1264
52
932
820
-268
-36
1756
2052
1396
2192
2472
-172
1612
1336
492
224
1204
132
-324
1128
2184
1280
2144
2472
732
564
1620
756
-96
1204
404
-172
380
2316
1432
1772
2400
1696
88
1744
1124
40
900
932
-424
44
1952
1652
1568
2084
2316
260
1432
1220
336
132
1172
-28
-8
1356
2352
1220
2052
2576
592
872
1756
816
-224
1196
460
-68
468
2328
1432
1812
2592
1584
444
1760
836
80
852
748
-252
108
2040
1912
1476
2224
2364
0
1540
1300
80
368
1184
-72
-316
1008
2200
1384
2204
2624
432
1032
1448
680
-80
1180
396
-432
688
2328
1456
2000
2384
1432
248
1656
1056
100
960
568
-248
-116
2240
1772
1660
2392
2268
-24
1528
1404
300
652
1128
-180
-132
1292
2204
1464
2200
2484
544
1016
1504
532
-12
1240
256
-372
800
2460
1236
1856
2360
1324
416
1736
1168
-232
948
672
-72
140
1824
1600
1624
2056
2128
-56
1632
1316
120
400
1280
-92
-96
1464
2164
1336
2160
2688
428
1148
1536
532
216
1240
380
-196
612
2476
1136
2088
2548
1192
308
1732
908
-272
968
692
-92
96
2184
1628
1676
2256
2116
-88
1628
1072
124
560
972
-220
-100
1480
2020
1376
2236
2300
352
956
1528
860
-236
1052
100
-184
844
2272
1432
1748
2616
1220
416
1904
728
-104
1184
620
-144
192
2420
1476
1704
2172
1948
92
1684
1292
184
612
1084
-196
-12
1812
1884
1228
2112
2148
444
1280
1328
660
-268
1432
68
-164
808
2496
1052
1972
2256
1264
556
1744
744
-436
1208
256
0
308
2212
1500
1524
2252
2008
-32
1720
1060
-40
536
1240
-228
84
1600
1996
1312
1808
2684
352
1356
1544
344
128
1368
228
-240
900
2332
1168
2012
2336
1264
580
1588
832
-252
1180
596
-56
328
2060
1288
1676
2220
2044
28
1816
952
-180
596
1052
-136
52
1616
1740
1172
2264
2492
424
1408
1052
508
40
1348
116
-288
996
2288
1244
2100
2612
1016
568
1572
1016
-100
1148
532
-88
388
2472
1432
1956
2560
1568
80
1848
1368
104
412
872
72
316
1692
1936
1380
2168
2328
300
1520
1464
240
-12
1204
-40
-44
1068
2432
956
1988
2448
988
732
1564
772
-340
1012
484
-168
376
2272
1428
1804
2484
1772
116
1828
1112
-28
560
1072
-228
176
1732
1912
1452
2284
2420
-52
1400
1464
388
332
1188
108
-196
888
2248
1220
2072
2400
772
784
1696
816
-320
1152
456
-344
444
2180
1584
1744
2168
1712
108
1936
916
-144
716
924
-268
116
1960
1724
1480
2060
2304
76
1488
1280
516
108
1092
16
-200
1156
2548
1040
2000
2552
768
944
1588
748
-44
1208
336
-220
524
2492
1368
2024
2212
1548
224
1808
1296
-260
768
856
-424
180
1988
1776
1576
2176
2244
108
1536
1344
344
208
1160
-160
-112
1220
2340
1152
2000
2428
656
900
1604
700
-152
1024
108
-328
776
2652
1340
1772
2192
1768
152
1848
1224
-132
876
916
-364
428
2100
1876
1504
2096
2208
-32
1752
1352
324
376
1012
0
-236
1464
2272
1420
2204
2264
660
876
1788
824
-44
1240
-12
-112
556
2480
1160
1844
2376
1220
220
2128
1152
-124
660
712
-144
144
2076
1700
1448
2248
1968
164
1832
1312
40
208
1096
-132
172
1396
2248
1124
2016
2452
596
1136
1528
596
-104
1388
268
60
884
2428
1192
1804
2512
1388
512
1712
824
-172
956
980
-292
444
2040
1168
1764
2344
2280
48
1540
1108
-100
524
1120
-120
-200
1360
1960
1288
2420
2400
404
1136
1452
328
128
1452
116
-268
812
2404
1128
1828
2560
1444
608
1424
916
-44
1136
836
-488
540
2228
1388
1928
2164
2152
76
1660
1228
172
584
1164
-204
20
1568
2124
1200
2188
2612
-72
1332
1224
464
168
1128
224
-364
900
2328
1092
2412
2248
864
324
1632
792
-240
1312
652
-220
144
2288
1436
1740
2452
1616
16
1872
920
240
844
1028
-312
52
1684
1892
1524
2188
2440
48
1384
1496
400
436
1088
192
-372
1112
2188
1224
2344
2380
732
636
1688
728
-120
1212
324
-188
364
2224
1508
1920
2360
1484
8
1768
1072
-32
1000
740
-500
16
1892
1888
1480
2092
2152
8
1460
1280
520
116
1232
-36
-372
1472
2252
1152
2532
2236
492
932
1692
880
-144
1196
276
-156
668
2380
1488
1956
2192
1276
272
1776
1084
-200
916
888
-272
268
2008
1724
1388
2240
2068
228
1604
1196
160
428
1048
-248
144
1276
2224
1028
2100
2668
224
1300
1688
388
-112
1188
132
4
880
2480
1184
1812
2532
1484
368
1596
892
-236
1080
660
-332
460
2284
1192
1860
2236
2184
272
1864
1140
184
356
1060
-100
36
1496
1884
1220
2080
2416
356
1212
1480
420
-12
1604
-88
-204
836
2172
1156
2080
2320
964
732
1488
924
-136
1216
544
-456
356
2420
1064
1944
2280
1596
0
1680
1028
4
788
848
-268
116
2036
2012
1404
2244
2172
-16
1548
1500
460
-44
1296
-88
-192
1380
2260
1264
2208
2364
672
1008
1564
1064
-152
1196
280
-336
700
2368
1216
1856
2460
1500
296
1952
980
-128
764
648
-244
136
2196
1540
1656
2132
2076
-152
1628
1280
68
384
956
-252
60
1400
2280
1048
1880
2276
380
1300
1660
628
-204
1228
24
-156
948
2448
1332
1808
2372
1168
504
1828
1008
-304
1064
476
-208
508
2324
1148
1736
2188
1824
136
1776
1232
0
460
708
80
-72
1860
1968
1224
2176
2060
304
1436
1432
228
-12
1528
-164
-96
984
2148
1044
2000
2700
772
768
1496
644
52
1200
504
-208
388
2144
1436
1848
2172
1600
60
1856
960
44
780
832
-176
164
2048
1676
1632
2308
2260
44
1616
1224
340
284
1456
-200
-276
1248
2292
1196
2344
2424
540
908
1188
704
184
1236
160
-316
564
2488
1240
1796
2608
1268
76
1664
876
-12
1020
612
-368
444
1976
1544
1916
2108
2100
-48
1540
1280
52
680
1376
-256
16
1456
2044
1300
2304
2632
308
1244
1200
672
228
1468
-136
-140
888
2408
1216
2188
2484
1216
316
1764
952
-200
1204
408
-272
568
2376
1368
1892
2400
1832
-32
1740
996
100
772
1012
-352
-128
1780
1720
1588
2316
2256
120
1288
1096
400
192
1484
-184
-244
1088
2216
1064
2220
2724
656
816
1480
636
116
1260
100
-172
572
2532
1292
2004
2272
1600
140
1968
928
-100
932
584
-104
64
2124
1560
1656
2360
2200
-112
1524
1364
16
216
1180
-308
128
1340
2124
1180
2132
2420
324
1064
1380
600
-312
1336
268
-328
864
2276
1172
2176
2480
1156
512
1684
760
84
960
780
-232
212
2412
1328
2048
2288
1928
-100
1532
972
108
724
1028
-220
-144
1700
2096
1352
2240
2240
116
1484
1280
376
196
1172
-92
-96
1084
2256
1280
2072
2588
760
680
1632
684
-280
1188
444
-380
492
2504
1140
1828
2332
1840
104
1816
832
-24
960
704
-112
100
1996
1856
1548
2280
2264
84
1548
1228
232
512
1300
-8
-40
1404
2456
1264
2136
2396
376
1368
1408
704
-120
1112
108
-308
656
2496
1244
2060
2256
1224
432
1604
720
-88
1204
564
-416
220
2264
1464
1784
2260
1936
-228
1628
1028
112
524
976
-96
-64
1796
1928
1444
2312
2368
384
1372
1256
468
-12
1484
-160
44
1164
2492
1096
1964
2604
880
924
1492
788
-44
1312
368
-120
460
2160
1296
1896
2408
1552
292
1768
812
-100
888
756
-220
96
1916
1512
1576
2056
2584
-56
1632
1136
96
548
1036
28
76
1104
2260
1120
2120
2580
420
1040
1236
588
-188
1324
220
-436
800
2612
944
2332
2468
1200
648
1716
804
-128
988
760
-236
276
1876
1384
1908
2304
2016
-56
1856
992
-92
788
1068
-140
60
1444
1932
1388
2284
2572
96
1520
1064
476
52
1476
-44
-300
916
2288
1024
2312
2572
640
544
1636
624
88
1212
476
-268
444
2304
1480
2136
2400
1648
-40
1944
688
108
984
880
-32
-104
2104
1740
1716
2380
2104
4
1500
1192
388
212
1296
-100
96
1308
2156
1324
2352
2320
284
1200
1460
564
-120
1280
280
-304
572
2520
1188
2120
2328
1116
424
1548
868
-36
992
456
-436
532
2096
1300
1768
2212
2100
-216
1824
1068
96
412
1052
-40
148
2000
1856
1392
2116
2240
84
1728
1360
332
40
1236
120
-20
1152
2136
1004
2188
2452
968
736
1748
684
-68
1336
340
-36
528
2456
940
2020
2412
1448
236
1768
868
-120
536
936
-336
300
2016
1592
1564
1960
2440
-112
1772
1056
252
336
1100
-188
312
1584
2180
948
2160
2388
516
1276
1396
504
-248
1176
312
-80
784
2420
1012
2240
2340
1364
508
1988
580
-84
1120
608
-20
248
2348
1096
1784
2364
1928
-120
1820
772
160
596
1100
0
96
1692
1700
1392
2356
2440
228
1444
1080
100
212
1508
-80
16
944
2128
1060
2420
2376
772
968
1572
468
-196
1368
452
-76
484
2328
1152
2296
2400
1552
128
1720
908
-88
1028
724
-312
280
1960
1588
1848
2276
2464
-284
1892
916
124
428
1228
-16
-252
1496
2104
1332
2372
2312
496
1192
1332
524
184
1528
28
-164
588
2548
1004
2132
2312
1168
248
1568
640
84
1460
432
-228
300
2328
1232
1940
2344
1888
-32
1904
956
40
792
1060
-272
20
1672
2032
1616
2208
2432
60
1632
1196
532
244
1388
-224
-140
1080
2316
1160
2476
2316
608
876
1420
792
-152
1460
204
-144
540
2472
1216
2084
2344
1372
104
1896
908
-308
1052
672
-296
368
1952
1572
1720
2128
2128
120
1812
964
52
324
1288
-284
-92
1616
2148
1500
2096
2428
360
1076
1448
576
172
1224
0
188
940
2488
1092
2176
2524
1120
632
1508
800
-84
1160
372
-164
184
2364
1072
2116
2292
1828
32
1760
1140
-124
740
824
-112
140
1784
1824
1528
2168
2468
-160
1544
1140
396
108
1352
-164
0
1260
2336
1160
2040
2476
736
1084
1572
740
-80
1388
324
-72
672
2388
1112
2088
2360
1552
228
1768
916
28
800
788
-284
200
2052
1628
1924
2044
2180
-92
1736
1108
216
472
1304
-132
-140
1300
2080
1332
2164
2440
112
1092
1396
420
64
1340
152
-72
612
2264
1128
2220
2384
1172
576
1560
828
-96
1252
628
-252
204
2216
1356
1924
2464
2060
56
1556
952
108
692
1044
-272
-124
1672
1932
1516
2276
2404
4
1276
1288
328
180
1444
-216
-140
992
2384
1188
2204
2420
808
648
1540
772
-284
1340
316
-268
428
2360
1252
2108
2268
1656
224
1856
872
24
764
1080
-296
140
2040
1608
1736
2224
2580
-96
1612
1224
308
388
1148
-56
12
1192
2268
1308
2248
2396
440
1044
1644
740
-220
1660
132
-276
696
2388
1128
2020
2216
1416
344
1784
776
-136
1200
696
-176
20
2188
1532
1768
2168
2060
-156
1708
996
172
404
1216
-192
140
1592
1916
1364
2244
2544
292
1224
1300
660
16
1444
144
-164
724
2508
1056
2276
2648
1044
764
1504
988
-196
1300
708
-184
416
2052
1348
1928
2172
1964
-220
1804
960
-168
568
944
-268
-220
1676
1892
1484
2428
2160
-64
1444
1020
432
116
1464
-164
-308
984
2436
1136
2072
2508
704
848
1344
732
-68
1104
412
-264
404
2380
1060
2096
2416
1780
128
2048
1044
-176
792
824
-132
144
1880
1764
1536
2176
2272
76
1744
1108
468
76
1192
-24
-80
1420
2192
952
2304
2408
504
1000
1328
812
-308
1468
216
-164
452
2332
1208
2008
2356
1500
128
1868
736
-180
824
772
-148
164
2000
1520
1784
2160
2240
0
1868
988
124
388
1160
-108
-88
1492
2156
1168
2200
2508
416
1460
1292
516
-48
1280
328
-148
768
2604
1024
2268
2392
1188
532
1740
1164
-352
992
408
28
460
2292
1348
1708
2244
1972
56
1888
820
104
380
1068
76
-264
1648
2068
1256
2000
2544
380
1432
1436
472
-280
1316
-88
56
1100
2304
996
2004
2400
1124
700
1608
996
-136
1008
608
-52
104
2400
1184
2012
2424
1852
-60
1876
1184
-32
672
868
24
-96
1848
1924
1324
2228
2164
256
1772
1184
448
-212
1444
40
-20
928
2248
944
1956
2624
1024
628
1532
776
-292
1144
304
80
400
2332
1128
1676
2252
1816
260
1828
1168
-328
732
1028
24
184
1700
1864
1160
2244
2392
340
1572
1076
504
-32
1440
120
92
1176
2160
876
1896
2544
828
964
1704
604
-376
1224
484
92
400
2040
1092
1872
2088
1956
172
1852
608
-292
744
940
-168
-180
1864
1552
1428
2028
2560
52
1428
1200
164
276
1252
-64
116
1020
2372
1080
2036
2576
860
944
1636
816
-232
1392
500
60
588
2356
1116
2016
2384
1680
272
1824
904
-176
800
1020
-56
-80
1896
1808
1276
2168
2464
16
1484
1052
284
220
1344
-100
-100
1076
2120
1088
2180
2388
708
788
1512
896
-324
1216
344
-184
668
2172
1216
1984
2384
1624
76
1712
1176
-36
844
976
-68
76
1868
1720
1676
2204
2264
40
1504
1364
304
100
1408
-48
-144
1272
2236
1180
2152
2364
672
732
1604
700
-128
1344
136
-468
672
2220
1276
1700
2236
1728
96
1836
1048
-160
892
664
-100
68
1868
1864
1492
2168
2412
72
1404
1324
324
204
1404
-216
52
1284
2204
968
2260
2428
820
836
1520
948
-256
1284
428
-96
568
2460
1164
1908
2284
1580
192
1892
1040
36
644
628
-220
272
1988
1820
1356
2088
2420
-120
1744
1256
192
-24
1136
-116
76
1056
2148
1036
2080
2392
864
856
1476
716
-216
1360
468
-124
340
2364
908
2016
2512
1748
104
1880
932
-188
824
888
60
160
1792
1632
1512
2088
2464
104
1632
1196
548
-12
1536
12
-120
1252
2204
1192
1908
2392
628
920
1528
680
-240
1216
420
-208
504
2148
1180
1784
2144
1720
256
1848
956
-200
680
868
-152
144
2000
1564
1352
2052
2336
188
1572
1228
408
172
1296
128
-128
1132
2332
1040
2236
2604
680
708
1524
780
-188
1312
248
-132
548
2416
1340
1812
2412
1640
236
1836
792
100
620
952
-208
96
1900
1796
1188
2292
2608
4
1588
1184
444
56
1332
104
32
956
2248
876
2296
2464
672
860
1652
672
-384
1308
484
-212
468
2024
1380
1828
2416
1836
100
1960
752
128
764
1048
-76
-32
1708
1776
1656
2068
2724
-16
1636
1236
368
44
1292
232
-160
952
2240
1104
2160
2356
1072
636
1592
572
-20
1368
208
-264
108
2568
1116
1756
2376
1740
96
1564
1048
0
676
1084
-308
-40
1552
1984
1500
2232
2412
152
1464
1296
440
108
1352
80
-192
812
2312
1252
1940
2540
988
660
1752
708
-152
1288
288
-32
424
2464
1292
1572
2376
2036
0
1976
1168
-36
692
744
140
-156
1856
1900
1244
1832
2392
136
1496
1492
384
124
1228
-80
-156
1016
2456
1096
1668
2400
1152
776
1720
880
-268
1132
508
120
460
2324
1304
1364
2420
2260
24
1856
1080
88
524
988
168
112
1400
1868
1176
2084
2632
340
1376
1448
312
-168
1456
292
-232
792
2272
1144
1808
2380
1360
476
1864
716
-176
1024
732
-60
216
2180
1424
1572
2008
2200
44
1744
1072
0
400
1116
172
-196
1396
2176
1108
2048
2564
420
1224
1580
576
-136
1236
568
-152
560
2332
1148
1820
2420
1604
484
1764
952
72
796
852
-136
96
2188
1544
1480
2324
2392
44
1488
1148
312
116
1208
92
-156
1092
2284
1296
1920
2600
540
808
1632
616
-308
1620
512
-200
520
1980
1468
1440
2268
1824
336
1504
1084
28
784
924
-92
-4
1920
1792
1256
2160
2500
-52
1548
1448
540
60
1120
424
-112
1160
2384
1212
1944
2308
1060
512
1812
980
-84
1004
532
-208
352
2552
1480
1664
2060
1788
120
1792
1364
176
248
792
-96
-80
1816
1884
1112
1908
2240
436
1276
1644
368
-76
1136
144
-236
892
2384
740
1936
2200
1552
560
1804
848
-460
864
688
104
332
2288
1620
1324
2176
2276
216
1840
1416
428
120
1020
144
56
1568
2232
988
2020
2460
616
1076
1744
700
-164
1336
184
-136
640
2404
1292
1808
2100
1592
340
1712
1128
-188
688
776
-268
152
1940
1704
1372
2000
2316
0
1668
1408
236
248
884
80
-32
1228
2364
768
2052
2388
956
896
1732
804
-412
1212
340
-24
536
2280
1420
1588
2184
1924
240
1752
1284
-120
540
868
96
-56
1720
1880
1044
2080
2360
276
1436
1452
324
20
1004
224
-100
1040
2192
1092
1800
2376
1364
616
1872
616
-372
1104
564
-236
148
2168
1816
1460
2220
1960
360
1560
1212
280
396
1292
32
-136
1572
2132
1148
2376
2360
504
1032
1612
692
36
1432
164
-84
748
2360
1376
1816
2388
1484
176
1888
1148
-172
860
804
-144
-112
1888
1704
1388
2372
1972
-4
1544
1204
488
240
1180
-208
-164
1192
2296
1144
1868
2580
892
792
1616
700
-20
1224
256
-308
540
2472
1356
1892
2404
1716
92
1692
1424
0
608
1060
-108
164
1904
1984
1152
2140
2480
164
1524
1444
504
-132
1308
204
-212
912
2444
1360
1696
2336
1104
416
1664
864
-96
868
468
-296
260
2360
1572
1628
2296
2064
-124
1640
1336
216
488
1008
16
-136
1492
2180
1252
2128
2344
488
1112
1432
532
-48
1388
444
-292
716
2384
1236
1988
2316
1648
228
1648
1064
-60
932
768
-232
-24
2012
1720
1532
2268
2168
48
1572
1144
456
216
1312
36
-124
1192
2192
996
2172
2404
704
836
1524
812
-192
1120
488
-252
504
2368
1324
1776
2280
1936
32
1860
1180
80
640
872
-48
4
1916
1844
1520
2040
2368
268
1292
1676
444
172
1348
-52
-188
1016
2560
1256
1924
2412
840
660
1800
880
0
1084
368
-300
392
2276
1600
1560
2084
2040
32
1756
1272
-16
456
904
-284
-100
1584
1824
1248
2028
2280
432
1324
1416
652
-132
1336
204
-176
800
2268
1272
1832
2440
1236
448
1780
1224
-52
1100
660
-240
220
2240
1584
1748
2260
2080
140
1680
1392
348
268
1288
-44
-68
1324
1868
1304
2236
2480
488
936
1488
848
-280
1256
332
-380
532
2200
1524
1740
2276
1380
516
1996
952
-244
892
940
-124
4
1964
1644
1600
2016
2400
192
1520
1288
392
64
1200
128
-228
1372
2316
1080
2128
2428
768
888
1664
972
-284
1336
304
-116
356
2364
1328
1684
2268
1528
200
1644
1160
-56
456
876
-200
224
1788
1780
1244
1732
2432
216
1572
1472
208
260
1084
188
-160
1080
2348
1028
1776
2264
1112
780
1812
748
-416
1012
544
-80
556
2176
1436
1504
2076
2196
116
1876
1224
-16
464
980
-88
-96
1792
2080
1128
2052
2288
560
1344
1604
444
-220
1236
188
152
692
2284
1056
1916
2464
1192
388
1712
1140
-252
896
624
-52
220
2136
1624
1356
2072
2248
128
1636
1228
164
232
1432
4
-104
1356
2072
1520
1992
2508
728
936
1484
616
-188
1532
356
-220
804
2344
1276
1820
2308
1828
-24
1664
1244
-52
984
784
-160
4
1880
1684
1472
2220
2312
-160
1400
1364
420
224
1244
152
-348
908
2316
1140
2224
2384
820
636
1520
920
-116
1332
332
-272
240
2304
1364
1784
2408
1824
-64
1656
952
192
804
904
-184
-112
1608
2180
1288
2236
2396
208
1472
1336
580
124
1268
-36
-376
872
2488
1248
2100
2388
1316
512
1756
1132
-8
1048
644
-380
208
2164
1660
1572
2076
2116
-32
1700
1072
256
196
1096
-116
132
1536
2232
1248
1864
2284
592
884
1616
412
-4
1140
204
-104
768
2436
1236
1840
2204
1376
448
1688
1116
56
684
848
-176
148
2168
1676
1548
2308
2408
120
1508
1388
336
444
1192
-88
-16
1116
2368
1072
2112
2528
708
840
1680
828
-108
952
444
-252
552
2288
1140
1648
2244
1716
176
1880
920
-148
408
1000
-192
244
1720
1724
1196
2064
2388
468
1396
1388
524
-8
1300
64
-212
1060
2244
908
1900
2652
1072
592
1632
968
-40
1060
940
-196
460
2092
1184
1804
2360
2116
0
1704
1360
220
648
1160
-208
-120
1464
2136
1348
2220
2384
396
960
1568
408
-24
1300
144
-276
728
2384
964
2184
2420
1276
292
1660
912
-52
744
780
-196
80
2264
1560
1592
2364
2148
120
1596
1376
236
508
1324
-108
-116
1052
2416
1220
2156
2460
664
864
1548
892
-236
1432
84
-180
696
2244
1344
1924
2324
1512
-76
1732
1088
52
852
736
-256
-12
1852
1652
1596
2028
2332
-52
1560
1220
564
-64
1296
-140
-248
1236
2280
1320
2024
2388
772
556
1652
1172
-68
1140
312
-208
428
2588
1368
1888
2204
1768
-12
1740
1128
136
792
1028
-152
60
1836
2040
1404
2080
2440
-48
1236
1464
520
20
1300
-200
-308
1092
2220
1300
2016
2512
1028
568
1520
1108
-172
868
224
20
248
2220
1548
1676
2288
1764
4
1740
1404
-4
508
928
-136
-104
1724
2180
1436
2048
2180
464
1300
1560
580
-204
1460
200
-272
1112
2548
1096
1812
2480
1280
432
1800
1076
-80
968
584
-328
160
2180
1528
1584
2204
2204
-124
1496
1408
184
380
1052
-208
-64
1224
2144
1296
1968
2376
424
1104
1428
888
-88
1300
280
-492
780
2628
1296
1828
2188
1624
292
1800
1204
-76
804
752
-188
124
2048
1704
1528
2312
2252
16
1504
1472
372
348
1116
52
76
1068
2268
1172
1872
2540
980
672
1904
784
-264
1208
292
-48
400
2172
1324
1468
2328
1668
264
1564
1196
-76
544
988
-180
188
1868
2004
1136
2064
2540
352
1172
1600
124
152
1268
68
36
988
2256
1184
1840
2492
1184
564
1644
896
-52
948
744
-36
304
2408
1432
1540
2288
2172
24
1680
1280
84
592
956
-24
20
1432
2104
1132
2324
2412
388
940
1452
704
-124
1260
192
-324
820
2332
1412
1868
2212
1308
412
1840
1008
-28
540
936
-152
180
1888
1880
1444
2104
2356
128
1572
1416
440
340
1144
72
-100
1284
2384
1060
2096
2340
840
860
1856
848
-228
908
512
-348
616
2256
1264
1652
2076
1680
284
1856
1208
-104
460
1052
-156
-36
1812
2212
1052
1892
2176
696
1344
1560
428
-36
1312
80
-132
872
2604
1164
1776
2504
1240
520
1776
1072
40
804
640
-44
240
2264
1652
1564
2200
1880
140
1708
1468
328
156
1024
-104
-104
1348
2360
1160
1852
2548
612
1088
1752
884
-252
1092
456
-376
888
2316
1484
1492
2292
1828
-24
1720
1200
152
620
1052
-228
52
1788
1852
1180
1856
2292
344
1164
1600
432
-8
1172
148
-260
932
2476
1144
1896
2316
1120
596
1860
1176
-276
780
640
-60
388
2080
1808
1364
2128
2048
192
1684
1440
116
192
1088
200
-92
1456
2136
1228
1852
2308
612
808
1644
540
-160
912
652
-332
568
2464
1264
1716
2268
1628
356
1612
1216
-200
592
732
-196
180
1484
2192
1228
2092
2416
216
1272
1600
552
96
1216
360
-136
948
2448
1320
1720
2440
1404
540
1736
1028
-220
928
796
-312
252
2172
1644
1324
2348
2212
228
1432
1432
120
160
1172
76
76
1116
1952
1160
1996
2588
728
752
1636
600
-160
1212
788
-404
412
2244
1540
1680
2376
1844
44
1512
1356
-68
696
1056
-220
-12
1404
2404
1088
2288
2224
260
1476
1364
764
68
1080
284
-264
1104
2320
1552
1792
2388
1260
336
1900
1096
-64
532
800
-348
368
2068
1716
1392
2060
1976
216
1604
1616
356
148
1048
-120
-44
1184
2484
948
2004
2220
896
672
1728
720
-80
1264
348
-236
516
2192
1568
1348
2296
1808
312
1576
1584
36
464
1096
-72
28
1616
2072
1348
2016
2300
492
1252
1740
540
-48
932
532
-312
792
2244
1312
1688
2348
1424
184
1804
1160
-92
716
812
-168
40
1800
1924
1016
2140
2248
168
1396
1280
260
64
1400
360
-256
1128
2276
1116
1876
2196
1280
536
1772
776
-176
1048
912
-164
316
2280
1308
1620
2336
1940
324
1464
1460
336
236
1236
-72
-208
1328
2072
1492
1908
2476
628
828
1544
692
204
1212
496
-548
644
2304
1356
1580
2476
1640
200
1720
976
16
660
876
-44
-224
1656
2052
1288
2196
2204
192
972
1664
512
40
1240
232
-272
856
2376
1200
1920
2340
1264
508
1764
1284
-180
920
824
-136
344
2148
1812
1340
2108
2128
320
1540
1396
352
164
1156
72
-76
1164
2224
1044
1976
2528
792
764
1784
736
-108
952
748
-248
236
2044
1464
1588
2104
2072
88
1684
1308
-140
556
1116
24
-48
1424
2140
960
2176
2180
720
896
1508
864
-364
1312
468
-188
852
2248
1396
1612
2404
1656
268
1796
1132
-68
768
1056
-152
240
1524
1864
1188
2116
2680
364
1092
1556
328
-188
1300
392
-180
920
2148
1204
2016
2400
1448
208
1448
852
-48
964
852
-284
-40
1832
1572
1520
2232
2148
148
1168
1596
332
232
1436
164
-72
1216
2096
1308
2144
2496
932
480
1664
1072
96
1132
552
-228
408
2208
1560
1512
2320
1996
344
1504
1360
272
476
1164
100
-184
1540
2220
1052
2220
2368
552
868
1688
648
-112
1152
384
-112
680
2020
1476
1624
2196
1712
376
1756
1356
-312
552
1096
-212
228
1520
1980
1180
1972
2576
344
1240
1468
480
-32
1164
636
-284
792
2388
1136
1668
2420
1512
520
1844
1132
-236
1044
872
-152
292
1824
1936
1132
2204
2388
172
1332
1596
344
28
1116
24
-240
1168
2240
1276
1736
2304
1304
640
1756
880
-348
800
884
-232
364
1952
1352
1184
2284
2316
128
1756
1288
184
180
1120
456
-232
1288
2244
1144
2136
2496
960
800
1732
880
-76
1152
544
-220
660
2384
1464
1432
2396
2036
248
1616
1284
20
248
988
-104
104
1408
2076
1132
1864
2512
528
1040
1736
588
-208
1064
700
-316
600
2472
1324
1464
2052
1736
256
2092
932
-248
512
836
40
60
1628
1884
1120
2008
2400
568
1056
1660
520
-180
1392
344
-52
916
2308
1208
1820
2376
1468
516
1704
1140
-100
716
1052
-140
56
2020
1800
1328
2032
2404
252
1352
1664
260
-68
1208
164
120
956
2304
1080
1552
2464
1232
692
1752
956
-244
844
768
-112
412
2168
1668
980
1972
2352
336
1488
1460
28
16
1264
136
84
1148
2176
1140
1852
2344
1296
824
1520
992
-192
1096
796
-280
720
2420
1348
1268
2208
2308
268
1424
1296
204
300
944
172
92
1344
2268
908
1972
2508
672
888
1828
740
-196
980
528
-272
612
2084
1532
1408
2100
1900
20
1856
1104
136
496
1028
80
36
1640
2296
1000
2148
2296
780
1228
1736
712
-308
1204
648
-272
740
2436
1116
1384
2324
1748
316
1888
1264
-80
528
968
-28
356
1400
2220
964
2028
2432
316
1484
1480
572
-180
900
432
-168
968
2428
1096
1608
2192
1624
408
1960
896
-328
648
936
-136
228
1828
2084
1124
1836
2308
404
1428
1660
436
-132
1084
296
80
1088
2652
896
1536
2328
1464
612
1932
944
-456
712
876
92
540
1964
1636
1332
2032
2300
208
1768
1648
56
-12
964
204
192
1188
2224
860
1620
2392
1236
860
1792
852
-236
872
436
136
172
2236
1620
1088
2168
2052
244
1724
1384
128
168
1216
128
112
1376
2048
1144
1676
2636
964
776
1676
728
-220
956
656
-24
352
2416
1520
1476
2164
2024
256
1760
1052
40
380
1296
28
36
1448
2088
1052
1636
2504
700
816
1588
800
-212
1104
656
-264
548
2296
1124
1892
2248
1788
172
1556
1356
-20
704
1020
-44
-8
1524
2192
964
2116
2408
504
1328
1432
864
-20
1052
340
-272
688
2636
1332
1540
2052
1844
220
1964
1324
-280
936
596
-48
108
1984
2156
992
2016
2284
324
1424
1476
612
-232
1208
388
-284
844
2460
1236
1648
2364
1440
312
1748
1088
-340
972
808
-164
220
1700
1936
1216
1968
2496
-64
1784
1364
628
168
1212
152
-340
972
2504
1216
1592
2272
1204
504
1984
1048
-48
804
756
-92
192
2068
1644
1456
2184
2116
92
1604
1496
268
52
1004
168
-304
1256
2480
1012
1808
2224
824
644
1792
980
-204
864
508
-28
548
2360
1416
1412
1928
2024
4
1628
1388
8
320
916
-24
52
1448
2464
1144
1756
2460
580
1116
1564
960
-264
880
604
-416
656
2484
1276
1604
2104
1904
424
1636
1512
172
544
996
-180
-148
1904
2160
1000
1980
2320
624
1320
1644
664
-336
1192
356
-148
680
2328
